0,tcp,private,S0,0,0,0,0,0,0,0,0,0,0,0,0,0,0,0,0,0,0,166,16,1.00,1.00,0.00,0.00,0.10,0.10,0.00,255,16,0.06,0.10,0.00,0.00,1.00,1.00,0.00,0.00
0,tcp,private,S0,0,0,0,0,0,0,0,0,0,0,0,0,0,0,0,0,0,0,176,12,1.00,1.00,0.00,0.00,0.07,0.09,0.00,255,12,0.05,0.10,0.00,0.00,1.00,1.00,0.00,0.00
0,tcp,private,S0,0,0,0,0,0,0,0,0,0,0,0,0,0,0,0,0,0,0,186,9,1.00,1.00,0.00,0.00,0.05,0.09,0.00,255,9,0.04,0.09,0.00,0.00,1.00,1.00,0.00,0.00
0,tcp,private,S0,0,0,0,0,0,0,0,0,0,0,0,0,0,0,0,0,0,0,129,3,1.00,1.00,0.00,0.00,0.02,0.11,0.00,255,3,0.01,0.09,0.00,0.00,1.00,1.00,0.00,0.00
0,tcp,private,S0,0,0,0,0,0,0,0,0,0,0,0,0,0,0,0,0,0,0,139,6,1.00,1.00,0.00,0.00,0.04,0.11,0.00,255,6,0.02,0.10,0.00,0.00,1.00,1.00,0.00,0.00
0,tcp,ftp,S0,0,0,0,0,0,0,0,0,0,0,0,0,0,0,0,0,0,0,149,1,1.00,1.00,0.00,0.00,0.01,0.11,0.00,255,1,0.00,0.11,0.00,0.00,1.00,1.00,0.00,0.00
0,tcp,private,S0,0,0,0,0,0,0,0,0,0,0,0,0,0,0,0,0,0,0,159,20,1.00,1.00,0.00,0.00,0.13,0.11,0.00,255,20,0.08,0.10,0.00,0.00,1.00,1.00,0.00,0.00
0,tcp,private,S0,0,0,0,0,0,0,0,0,0,0,0,0,0,0,0,0,0,0,169,16,1.00,1.00,0.00,0.00,0.09,0.10,0.00,255,16,0.06,0.10,0.00,0.00,1.00,1.00,0.00,0.00
0,tcp,ftp_data,S0,0,0,0,0,0,0,0,0,0,0,0,0,0,0,0,0,0,0,179,12,1.00,1.00,0.00,0.00,0.07,0.09,0.00,255,12,0.05,0.09,0.00,0.00,1.00,1.00,0.00,0.00
0,tcp,telnet,S0,0,0,0,0,0,0,0,0,0,0,0,0,0,0,0,0,0,0,129,1,1.00,1.00,0.00,0.00,0.01,0.09,0.00,255,1,0.00,0.09,0.00,0.00,1.00,1.00,0.00,0.00
0,tcp,ssh,S0,0,0,0,0,0,0,0,0,0,0,0,0,0,0,0,0,0,0,139,5,1.00,1.00,0.00,0.00,0.04,0.09,0.00,255,5,0.02,0.09,0.00,0.00,1.00,1.00,0.00,0.00
0,tcp,ftp,S0,0,0,0,0,0,0,0,0,0,0,0,0,0,0,0,0,0,0,149,4,1.00,1.00,0.00,0.00,0.03,0.09,0.00,255,4,0.02,0.09,0.00,0.00,1.00,1.00,0.00,0.00
0,tcp,ftp,S0,0,0,0,0,0,0,0,0,0,0,0,0,0,0,0,0,0,0,159,14,1.00,1.00,0.00,0.00,0.09,0.08,0.00,255,14,0.05,0.09,0.00,0.00,1.00,1.00,0.00,0.00
0,tcp,telnet,S0,0,0,0,0,0,0,0,0,0,0,0,0,0,0,0,0,0,0,169,10,1.00,1.00,0.00,0.00,0.06,0.08,0.00,255,10,0.04,0.09,0.00,0.00,1.00,1.00,0.00,0.00
0,tcp,ssh,S0,0,0,0,0,0,0,0,0,0,0,0,0,0,0,0,0,0,0,179,16,1.00,1.00,0.00,0.00,0.09,0.08,0.00,255,16,0.06,0.09,0.00,0.00,1.00,1.00,0.00,0.00
0,tcp,private,S0,0,0,0,0,0,0,0,0,0,0,0,0,0,0,0,0,0,0,189,6,1.00,1.00,0.00,0.00,0.03,0.08,0.00,255,6,0.02,0.09,0.00,0.00,1.00,1.00,0.00,0.00
0,tcp,smtp,S0,0,0,0,0,0,0,0,0,0,0,0,0,0,0,0,0,0,0,135,4,1.00,1.00,0.00,0.00,0.03,0.10,0.00,255,4,0.02,0.09,0.00,0.00,1.00,1.00,0.00,0.00
0,tcp,smtp,S0,0,0,0,0,0,0,0,0,0,0,0,0,0,0,0,0,0,0,145,14,1.00,1.00,0.00,0.00,0.10,0.09,0.00,255,14,0.05,0.09,0.00,0.00,1.00,1.00,0.00,0.00
0,tcp,private,S0,0,0,0,0,0,0,0,0,0,0,0,0,0,0,0,0,0,0,155,10,1.00,1.00,0.00,0.00,0.06,0.09,0.00,255,10,0.04,0.09,0.00,0.00,1.00,1.00,0.00,0.00
0,tcp,telnet,S0,0,0,0,0,0,0,0,0,0,0,0,0,0,0,0,0,0,0,165,20,1.00,1.00,0.00,0.00,0.12,0.08,0.00,255,20,0.08,0.09,0.00,0.00,1.00,1.00,0.00,0.00
0,tcp,smtp,S0,0,0,0,0,0,0,0,0,0,0,0,0,0,0,0,0,0,0,175,15,1.00,1.00,0.00,0.00,0.09,0.09,0.00,255,15,0.06,0.09,0.00,0.00,1.00,1.00,0.00,0.00
0,tcp,private,S0,0,0,0,0,0,0,0,0,0,0,0,0,0,0,0,0,0,0,185,18,1.00,1.00,0.00,0.00,0.10,0.09,0.00,255,18,0.07,0.09,0.00,0.00,1.00,1.00,0.00,0.00
0,tcp,private,S0,0,0,0,0,0,0,0,0,0,0,0,0,0,0,0,0,0,0,131,1,1.00,1.00,0.00,0.00,0.01,0.09,0.00,255,1,0.00,0.09,0.00,0.00,1.00,1.00,0.00,0.00
0,tcp,private,S0,0,0,0,0,0,0,0,0,0,0,0,0,0,0,0,0,0,0,141,6,1.00,1.00,0.00,0.00,0.04,0.10,0.00,255,6,0.02,0.09,0.00,0.00,1.00,1.00,0.00,0.00
0,tcp,private,S0,0,0,0,0,0,0,0,0,0,0,0,0,0,0,0,0,0,0,151,5,1.00,1.00,0.00,0.00,0.03,0.09,0.00,255,5,0.02,0.09,0.00,0.00,1.00,1.00,0.00,0.00
0,tcp,private,S0,0,0,0,0,0,0,0,0,0,0,0,0,0,0,0,0,0,0,161,15,1.00,1.00,0.00,0.00,0.09,0.09,0.00,255,15,0.06,0.09,0.00,0.00,1.00,1.00,0.00,0.00
0,tcp,private,S0,0,0,0,0,0,0,0,0,0,0,0,0,0,0,0,0,0,0,171,8,1.00,1.00,0.00,0.00,0.05,0.09,0.00,255,8,0.03,0.09,0.00,0.00,1.00,1.00,0.00,0.00
0,tcp,private,S0,0,0,0,0,0,0,0,0,0,0,0,0,0,0,0,0,0,0,181,20,1.00,1.00,0.00,0.00,0.11,0.08,0.00,255,20,0.08,0.09,0.00,0.00,1.00,1.00,0.00,0.00
0,tcp,private,S0,0,0,0,0,0,0,0,0,0,0,0,0,0,0,0,0,0,0,191,18,1.00,1.00,0.00,0.00,0.09,0.08,0.00,255,18,0.07,0.09,0.00,0.00,1.00,1.00,0.00,0.00
0,tcp,private,S0,0,0,0,0,0,0,0,0,0,0,0,0,0,0,0,0,0,0,135,7,1.00,1.00,0.00,0.00,0.05,0.10,0.00,255,7,0.03,0.09,0.00,0.00,1.00,1.00,0.00,0.00
0,tcp,private,S0,0,0,0,0,0,0,0,0,0,0,0,0,0,0,0,0,0,0,145,15,1.00,1.00,0.00,0.00,0.10,0.10,0.00,255,15,0.06,0.09,0.00,0.00,1.00,1.00,0.00,0.00
0,tcp,private,S0,0,0,0,0,0,0,0,0,0,0,0,0,0,0,0,0,0,0,155,5,1.00,1.00,0.00,0.00,0.03,0.10,0.00,255,5,0.02,0.09,0.00,0.00,1.00,1.00,0.00,0.00
0,tcp,private,S0,0,0,0,0,0,0,0,0,0,0,0,0,0,0,0,0,0,0,165,8,1.00,1.00,0.00,0.00,0.05,0.09,0.00,255,8,0.03,0.08,0.00,0.00,1.00,1.00,0.00,0.00
0,tcp,private,S0,0,0,0,0,0,0,0,0,0,0,0,0,0,0,0,0,0,0,175,18,1.00,1.00,0.00,0.00,0.10,0.09,0.00,255,18,0.07,0.08,0.00,0.00,1.00,1.00,0.00,0.00
0,tcp,private,S0,0,0,0,0,0,0,0,0,0,0,0,0,0,0,0,0,0,0,185,6,1.00,1.00,0.00,0.00,0.03,0.09,0.00,255,6,0.02,0.09,0.00,0.00,1.00,1.00,0.00,0.00
0,tcp,private,S0,0,0,0,0,0,0,0,0,0,0,0,0,0,0,0,0,0,0,131,1,1.00,1.00,0.00,0.00,0.01,0.10,0.00,255,1,0.00,0.09,0.00,0.00,1.00,1.00,0.00,0.00
0,tcp,private,S0,0,0,0,0,0,0,0,0,0,0,0,0,0,0,0,0,0,0,141,11,1.00,1.00,0.00,0.00,0.08,0.09,0.00,255,11,0.04,0.09,0.00,0.00,1.00,1.00,0.00,0.00
0,tcp,private,S0,0,0,0,0,0,0,0,0,0,0,0,0,0,0,0,0,0,0,151,7,1.00,1.00,0.00,0.00,0.05,0.09,0.00,255,7,0.03,0.09,0.00,0.00,1.00,1.00,0.00,0.00
0,tcp,private,S0,0,0,0,0,0,0,0,0,0,0,0,0,0,0,0,0,0,0,161,3,1.00,1.00,0.00,0.00,0.02,0.09,0.00,255,3,0.01,0.09,0.00,0.00,1.00,1.00,0.00,0.00
0,tcp,private,S0,0,0,0,0,0,0,0,0,0,0,0,0,0,0,0,0,0,0,171,3,1.00,1.00,0.00,0.00,0.02,0.09,0.00,255,3,0.01,0.10,0.00,0.00,1.00,1.00,0.00,0.00
0,tcp,private,S0,0,0,0,0,0,0,0,0,0,0,0,0,0,0,0,0,0,0,181,1,1.00,1.00,0.00,0.00,0.01,0.09,0.00,255,1,0.00,0.09,0.00,0.00,1.00,1.00,0.00,0.00
0,tcp,private,S0,0,0,0,0,0,0,0,0,0,0,0,0,0,0,0,0,0,0,191,19,1.00,1.00,0.00,0.00,0.10,0.08,0.00,255,19,0.07,0.09,0.00,0.00,1.00,1.00,0.00,0.00
0,tcp,private,S0,0,0,0,0,0,0,0,0,0,0,0,0,0,0,0,0,0,0,138,9,1.00,1.00,0.00,0.00,0.07,0.09,0.00,255,9,0.04,0.09,0.00,0.00,1.00,1.00,0.00,0.00
0,tcp,private,S0,0,0,0,0,0,0,0,0,0,0,0,0,0,0,0,0,0,0,148,6,1.00,1.00,0.00,0.00,0.04,0.09,0.00,255,6,0.02,0.09,0.00,0.00,1.00,1.00,0.00,0.00
0,tcp,private,S0,0,0,0,0,0,0,0,0,0,0,0,0,0,0,0,0,0,0,158,11,1.00,1.00,0.00,0.00,0.07,0.09,0.00,255,11,0.04,0.09,0.00,0.00,1.00,1.00,0.00,0.00
0,tcp,private,S0,0,0,0,0,0,0,0,0,0,0,0,0,0,0,0,0,0,0,168,1,1.00,1.00,0.00,0.00,0.01,0.09,0.00,255,1,0.00,0.09,0.00,0.00,1.00,1.00,0.00,0.00
0,tcp,private,S0,0,0,0,0,0,0,0,0,0,0,0,0,0,0,0,0,0,0,178,18,1.00,1.00,0.00,0.00,0.10,0.08,0.00,255,18,0.07,0.09,0.00,0.00,1.00,1.00,0.00,0.00
0,tcp,private,S0,0,0,0,0,0,0,0,0,0,0,0,0,0,0,0,0,0,0,188,17,1.00,1.00,0.00,0.00,0.09,0.09,0.00,255,17,0.07,0.09,0.00,0.00,1.00,1.00,0.00,0.00
0,tcp,private,S0,0,0,0,0,0,0,0,0,0,0,0,0,0,0,0,0,0,0,135,3,1.00,1.00,0.00,0.00,0.02,0.10,0.00,255,3,0.01,0.09,0.00,0.00,1.00,1.00,0.00,0.00
0,tcp,time,S0,0,0,0,0,0,0,0,0,0,0,0,0,0,0,0,0,0,0,145,1,1.00,1.00,0.00,0.00,0.01,0.10,0.00,255,1,0.00,0.09,0.00,0.00,1.00,1.00,0.00,0.00
0,tcp,private,S0,0,0,0,0,0,0,0,0,0,0,0,0,0,0,0,0,0,0,155,5,1.00,1.00,0.00,0.00,0.03,0.10,0.00,255,5,0.02,0.10,0.00,0.00,1.00,1.00,0.00,0.00
0,tcp,time,S0,0,0,0,0,0,0,0,0,0,0,0,0,0,0,0,0,0,0,165,4,1.00,1.00,0.00,0.00,0.02,0.10,0.00,255,4,0.02,0.10,0.00,0.00,1.00,1.00,0.00,0.00
0,tcp,time,S0,0,0,0,0,0,0,0,0,0,0,0,0,0,0,0,0,0,0,175,14,1.00,1.00,0.00,0.00,0.08,0.09,0.00,255,14,0.05,0.10,0.00,0.00,1.00,1.00,0.00,0.00
0,tcp,private,S0,0,0,0,0,0,0,0,0,0,0,0,0,0,0,0,0,0,0,185,18,1.00,1.00,0.00,0.00,0.10,0.09,0.00,255,18,0.07,0.09,0.00,0.00,1.00,1.00,0.00,0.00
0,tcp,time,S0,0,0,0,0,0,0,0,0,0,0,0,0,0,0,0,0,0,0,195,19,1.00,1.00,0.00,0.00,0.10,0.09,0.00,255,19,0.07,0.09,0.00,0.00,1.00,1.00,0.00,0.00
0,tcp,private,S0,0,0,0,0,0,0,0,0,0,0,0,0,0,0,0,0,0,0,139,6,1.00,1.00,0.00,0.00,0.04,0.10,0.00,255,6,0.02,0.09,0.00,0.00,1.00,1.00,0.00,0.00
0,tcp,private,S0,0,0,0,0,0,0,0,0,0,0,0,0,0,0,0,0,0,0,149,16,1.00,1.00,0.00,0.00,0.11,0.09,0.00,255,16,0.06,0.09,0.00,0.00,1.00,1.00,0.00,0.00
0,tcp,private,S0,0,0,0,0,0,0,0,0,0,0,0,0,0,0,0,0,0,0,159,6,1.00,1.00,0.00,0.00,0.04,0.09,0.00,255,6,0.02,0.09,0.00,0.00,1.00,1.00,0.00,0.00
0,tcp,private,S0,0,0,0,0,0,0,0,0,0,0,0,0,0,0,0,0,0,0,169,8,1.00,1.00,0.00,0.00,0.05,0.09,0.00,255,8,0.03,0.09,0.00,0.00,1.00,1.00,0.00,0.00
0,tcp,private,S0,0,0,0,0,0,0,0,0,0,0,0,0,0,0,0,0,0,0,179,2,1.00,1.00,0.00,0.00,0.01,0.09,0.00,255,2,0.01,0.09,0.00,0.00,1.00,1.00,0.00,0.00
0,tcp,private,S0,0,0,0,0,0,0,0,0,0,0,0,0,0,0,0,0,0,0,189,20,1.00,1.00,0.00,0.00,0.11,0.08,0.00,255,20,0.08,0.08,0.00,0.00,1.00,1.00,0.00,0.00
0,tcp,name,S0,0,0,0,0,0,0,0,0,0,0,0,0,0,0,0,0,0,0,135,1,1.00,1.00,0.00,0.00,0.01,0.10,0.00,255,1,0.00,0.09,0.00,0.00,1.00,1.00,0.00,0.00
0,tcp,name,S0,0,0,0,0,0,0,0,0,0,0,0,0,0,0,0,0,0,0,145,6,1.00,1.00,0.00,0.00,0.04,0.10,0.00,255,6,0.02,0.10,0.00,0.00,1.00,1.00,0.00,0.00
0,tcp,private,S0,0,0,0,0,0,0,0,0,0,0,0,0,0,0,0,0,0,0,155,4,1.00,1.00,0.00,0.00,0.03,0.11,0.00,255,4,0.02,0.11,0.00,0.00,1.00,1.00,0.00,0.00
0,tcp,private,S0,0,0,0,0,0,0,0,0,0,0,0,0,0,0,0,0,0,0,165,8,1.00,1.00,0.00,0.00,0.05,0.10,0.00,255,8,0.03,0.10,0.00,0.00,1.00,1.00,0.00,0.00
0,tcp,private,S0,0,0,0,0,0,0,0,0,0,0,0,0,0,0,0,0,0,0,175,18,1.00,1.00,0.00,0.00,0.10,0.10,0.00,255,18,0.07,0.10,0.00,0.00,1.00,1.00,0.00,0.00
0,tcp,name,S0,0,0,0,0,0,0,0,0,0,0,0,0,0,0,0,0,0,0,185,14,1.00,1.00,0.00,0.00,0.08,0.09,0.00,255,14,0.05,0.09,0.00,0.00,1.00,1.00,0.00,0.00
0,tcp,private,S0,0,0,0,0,0,0,0,0,0,0,0,0,0,0,0,0,0,0,129,4,1.00,1.00,0.00,0.00,0.03,0.10,0.00,255,4,0.02,0.09,0.00,0.00,1.00,1.00,0.00,0.00
0,tcp,private,S0,0,0,0,0,0,0,0,0,0,0,0,0,0,0,0,0,0,0,139,6,1.00,1.00,0.00,0.00,0.04,0.10,0.00,255,6,0.02,0.09,0.00,0.00,1.00,1.00,0.00,0.00
0,tcp,whois,S0,0,0,0,0,0,0,0,0,0,0,0,0,0,0,0,0,0,0,149,6,1.00,1.00,0.00,0.00,0.04,0.09,0.00,255,6,0.02,0.09,0.00,0.00,1.00,1.00,0.00,0.00
0,tcp,whois,S0,0,0,0,0,0,0,0,0,0,0,0,0,0,0,0,0,0,0,159,16,1.00,1.00,0.00,0.00,0.10,0.09,0.00,255,16,0.06,0.09,0.00,0.00,1.00,1.00,0.00,0.00
0,tcp,private,S0,0,0,0,0,0,0,0,0,0,0,0,0,0,0,0,0,0,0,169,4,1.00,1.00,0.00,0.00,0.02,0.09,0.00,255,4,0.02,0.09,0.00,0.00,1.00,1.00,0.00,0.00
0,tcp,private,S0,0,0,0,0,0,0,0,0,0,0,0,0,0,0,0,0,0,0,179,3,1.00,1.00,0.00,0.00,0.02,0.09,0.00,255,3,0.01,0.09,0.00,0.00,1.00,1.00,0.00,0.00
0,tcp,private,S0,0,0,0,0,0,0,0,0,0,0,0,0,0,0,0,0,0,0,189,6,1.00,1.00,0.00,0.00,0.03,0.08,0.00,255,6,0.02,0.08,0.00,0.00,1.00,1.00,0.00,0.00
0,tcp,private,S0,0,0,0,0,0,0,0,0,0,0,0,0,0,0,0,0,0,0,138,4,1.00,1.00,0.00,0.00,0.03,0.09,0.00,255,4,0.02,0.09,0.00,0.00,1.00,1.00,0.00,0.00
0,tcp,private,S0,0,0,0,0,0,0,0,0,0,0,0,0,0,0,0,0,0,0,148,5,1.00,1.00,0.00,0.00,0.03,0.10,0.00,255,5,0.02,0.09,0.00,0.00,1.00,1.00,0.00,0.00
0,tcp,private,S0,0,0,0,0,0,0,0,0,0,0,0,0,0,0,0,0,0,0,158,4,1.00,1.00,0.00,0.00,0.03,0.11,0.00,255,4,0.02,0.10,0.00,0.00,1.00,1.00,0.00,0.00
0,tcp,private,S0,0,0,0,0,0,0,0,0,0,0,0,0,0,0,0,0,0,0,168,8,1.00,1.00,0.00,0.00,0.05,0.10,0.00,255,8,0.03,0.10,0.00,0.00,1.00,1.00,0.00,0.00
0,tcp,private,S0,0,0,0,0,0,0,0,0,0,0,0,0,0,0,0,0,0,0,178,18,1.00,1.00,0.00,0.00,0.10,0.10,0.00,255,18,0.07,0.10,0.00,0.00,1.00,1.00,0.00,0.00
0,tcp,private,S0,0,0,0,0,0,0,0,0,0,0,0,0,0,0,0,0,0,0,188,15,1.00,1.00,0.00,0.00,0.08,0.09,0.00,255,15,0.06,0.09,0.00,0.00,1.00,1.00,0.00,0.00
0,tcp,private,S0,0,0,0,0,0,0,0,0,0,0,0,0,0,0,0,0,0,0,134,4,1.00,1.00,0.00,0.00,0.03,0.10,0.00,255,4,0.02,0.09,0.00,0.00,1.00,1.00,0.00,0.00
0,tcp,private,S0,0,0,0,0,0,0,0,0,0,0,0,0,0,0,0,0,0,0,144,6,1.00,1.00,0.00,0.00,0.04,0.10,0.00,255,6,0.02,0.09,0.00,0.00,1.00,1.00,0.00,0.00
0,tcp,private,S0,0,0,0,0,0,0,0,0,0,0,0,0,0,0,0,0,0,0,154,6,1.00,1.00,0.00,0.00,0.04,0.09,0.00,255,6,0.02,0.09,0.00,0.00,1.00,1.00,0.00,0.00
0,tcp,private,S0,0,0,0,0,0,0,0,0,0,0,0,0,0,0,0,0,0,0,164,16,1.00,1.00,0.00,0.00,0.10,0.09,0.00,255,16,0.06,0.09,0.00,0.00,1.00,1.00,0.00,0.00
0,tcp,private,S0,0,0,0,0,0,0,0,0,0,0,0,0,0,0,0,0,0,0,174,4,1.00,1.00,0.00,0.00,0.02,0.09,0.00,255,4,0.02,0.09,0.00,0.00,1.00,1.00,0.00,0.00
0,tcp,private,S0,0,0,0,0,0,0,0,0,0,0,0,0,0,0,0,0,0,0,184,3,1.00,1.00,0.00,0.00,0.02,0.09,0.00,255,3,0.01,0.09,0.00,0.00,1.00,1.00,0.00,0.00
0,tcp,private,S0,0,0,0,0,0,0,0,0,0,0,0,0,0,0,0,0,0,0,194,6,1.00,1.00,0.00,0.00,0.03,0.08,0.00,255,6,0.02,0.08,0.00,0.00,1.00,1.00,0.00,0.00
0,tcp,private,S0,0,0,0,0,0,0,0,0,0,0,0,0,0,0,0,0,0,0,140,5,1.00,1.00,0.00,0.00,0.04,0.09,0.00,255,5,0.02,0.09,0.00,0.00,1.00,1.00,0.00,0.00
0,tcp,private,S0,0,0,0,0,0,0,0,0,0,0,0,0,0,0,0,0,0,0,150,4,1.00,1.00,0.00,0.00,0.03,0.10,0.00,255,4,0.02,0.09,0.00,0.00,1.00,1.00,0.00,0.00
0,tcp,private,S0,0,0,0,0,0,0,0,0,0,0,0,0,0,0,0,0,0,0,160,15,1.00,1.00,0.00,0.00,0.09,0.11,0.00,255,15,0.06,0.10,0.00,0.00,1.00,1.00,0.00,0.00
0,tcp,private,S0,0,0,0,0,0,0,0,0,0,0,0,0,0,0,0,0,0,0,170,11,1.00,1.00,0.00,0.00,0.06,0.10,0.00,255,11,0.04,0.09,0.00,0.00,1.00,1.00,0.00,0.00
0,tcp,private,S0,0,0,0,0,0,0,0,0,0,0,0,0,0,0,0,0,0,0,180,7,1.00,1.00,0.00,0.00,0.04,0.09,0.00,255,7,0.03,0.09,0.00,0.00,1.00,1.00,0.00,0.00
0,tcp,private,S0,0,0,0,0,0,0,0,0,0,0,0,0,0,0,0,0,0,0,190,17,1.00,1.00,0.00,0.00,0.09,0.09,0.00,255,17,0.07,0.09,0.00,0.00,1.00,1.00,0.00,0.00
0,tcp,private,S0,0,0,0,0,0,0,0,0,0,0,0,0,0,0,0,0,0,0,134,6,1.00,1.00,0.00,0.00,0.04,0.10,0.00,255,6,0.02,0.09,0.00,0.00,1.00,1.00,0.00,0.00
0,tcp,private,S0,0,0,0,0,0,0,0,0,0,0,0,0,0,0,0,0,0,0,144,4,1.00,1.00,0.00,0.00,0.03,0.10,0.00,255,4,0.02,0.10,0.00,0.00,1.00,1.00,0.00,0.00
0,tcp,domain,S0,0,0,0,0,0,0,0,0,0,0,0,0,0,0,0,0,0,0,154,3,1.00,1.00,0.00,0.00,0.02,0.10,0.00,255,3,0.01,0.10,0.00,0.00,1.00,1.00,0.00,0.00
0,tcp,domain,S0,0,0,0,0,0,0,0,0,0,0,0,0,0,0,0,0,0,0,164,11,1.00,1.00,0.00,0.00,0.07,0.10,0.00,255,11,0.04,0.10,0.00,0.00,1.00,1.00,0.00,0.00
0,tcp,private,S0,0,0,0,0,0,0,0,0,0,0,0,0,0,0,0,0,0,0,174,8,1.00,1.00,0.00,0.00,0.05,0.09,0.00,255,8,0.03,0.10,0.00,0.00,1.00,1.00,0.00,0.00
0,tcp,private,S0,0,0,0,0,0,0,0,0,0,0,0,0,0,0,0,0,0,0,184,16,1.00,1.00,0.00,0.00,0.09,0.09,0.00,255,16,0.06,0.09,0.00,0.00,1.00,1.00,0.00,0.00
0,tcp,mtp,S0,0,0,0,0,0,0,0,0,0,0,0,0,0,0,0,0,0,0,130,4,1.00,1.00,0.00,0.00,0.03,0.09,0.00,255,4,0.02,0.09,0.00,0.00,1.00,1.00,0.00,0.00
15,tcp,http,SF,191,470,0,0,0,0,0,1,0,0,0,0,0,0,0,0,0,0,2,2,0.00,0.00,0.00,0.00,1.00,0.00,0.00,2,255,1.00,0.00,0.50,0.03,0.00,0.00,0.00,0.00
0,tcp,http,SF,217,1133,0,0,0,0,0,1,0,0,0,0,0,0,0,0,0,0,8,8,0.00,0.00,0.00,0.00,1.00,0.00,0.00,76,255,1.00,0.00,0.01,0.04,0.00,0.00,0.00,0.00
0,udp,private,SF,105,0,0,0,0,0,0,0,0,0,0,0,0,0,0,0,0,0,1,1,0.00,0.00,0.00,0.00,1.00,0.00,0.00,255,253,0.99,0.01,0.00,0.00,0.00,0.00,0.00,0.00
0,tcp,http,SF,229,2561,0,0,0,0,0,1,0,0,0,0,0,0,0,0,0,0,4,8,0.00,0.00,0.00,0.00,1.00,0.00,0.25,255,255,1.00,0.00,0.00,0.00,0.00,0.00,0.00,0.00
0,tcp,http,SF,226,28181,0,0,0,0,0,1,0,0,0,0,0,0,0,0,0,0,5,6,0.00,0.00,0.00,0.00,1.00,0.00,0.33,255,255,1.00,0.00,0.00,0.00,0.00,0.00,0.00,0.00
0,tcp,http,SF,345,198,0,0,0,0,0,1,0,0,0,0,0,0,0,0,0,0,6,6,0.00,0.00,0.00,0.00,1.00,0.00,0.00,255,255,1.00,0.00,0.01,0.00,0.00,0.00,0.00,0.00
21,tcp,http,SF,335,307,0,0,0,0,0,1,0,0,0,0,0,0,0,0,0,0,16,16,0.00,0.00,0.00,0.00,1.00,0.00,0.00,255,255,1.00,0.00,0.00,0.00,0.00,0.00,0.00,0.00
0,tcp,http,SF,309,2698,0,0,0,0,0,1,0,0,0,0,0,0,1,0,0,0,2,2,0.00,0.00,0.00,0.00,1.00,0.00,0.00,255,212,0.83,0.02,0.00,0.00,0.00,0.00,0.00,0.00
0,tcp,http,SF,264,124,0,0,0,0,0,1,0,0,0,0,0,0,0,0,0,0,1,3,0.00,0.00,0.00,0.00,1.00,0.00,1.00,146,255,1.00,0.00,0.01,0.03,0.00,0.00,0.00,0.00
0,tcp,http,SF,392,1643,0,0,0,0,0,1,0,0,0,0,0,0,0,0,0,0,4,4,0.00,0.00,0.00,0.00,1.00,0.00,0.00,255,255,1.00,0.00,0.00,0.00,0.00,0.00,0.00,0.00
0,tcp,http,SF,359,1059,0,0,0,0,0,1,0,0,0,0,0,0,0,0,0,0,2,2,0.00,0.00,0.00,0.00,1.00,0.00,0.00,255,255,1.00,0.00,0.00,0.00,0.00,0.00,0.00,0.00
0,tcp,http,SF,360,819,0,0,0,0,0,1,0,0,0,0,0,0,0,0,0,0,12,12,0.00,0.00,0.00,0.00,1.00,0.00,0.00,255,255,1.00,0.00,0.00,0.00,0.00,0.00,0.00,0.00
0,tcp,http,SF,360,1100,0,0,0,0,0,1,0,0,0,0,0,0,0,0,0,0,22,22,0.00,0.00,0.00,0.00,1.00,0.00,0.00,255,255,1.00,0.00,0.00,0.00,0.00,0.00,0.00,0.00
0,tcp,http,SF,478,6238,0,0,0,0,0,1,0,0,0,0,0,0,0,0,0,0,31,31,0.00,0.00,0.00,0.00,1.00,0.00,0.00,255,255,1.00,0.00,0.00,0.00,0.00,0.00,0.00,0.00
0,tcp,http,SF,365,299,0,0,0,0,0,1,0,0,0,0,0,0,0,0,0,0,41,41,0.00,0.00,0.00,0.00,1.00,0.00,0.00,255,255,1.00,0.00,0.00,0.00,0.00,0.00,0.00,0.00
0,udp,domain_u,SF,45,110,0,0,0,0,0,0,0,0,0,0,0,0,0,0,0,0,2,5,0.00,0.00,0.00,0.00,1.00,0.00,0.40,255,251,0.98,0.01,0.00,0.00,0.00,0.00,0.00,0.00
0,tcp,http,SF,207,1875,0,0,0,0,0,1,0,0,0,0,0,0,0,0,0,0,1,2,0.00,0.00,0.00,0.00,1.00,0.00,1.00,255,255,1.00,0.00,0.00,0.00,0.00,0.00,0.00,0.00
0,tcp,http,SF,192,1413,0,0,0,0,0,1,0,0,0,0,0,0,0,0,0,0,1,9,0.00,0.00,0.00,0.00,1.00,0.00,0.22,13,177,1.00,0.00,0.08,0.05,0.00,0.00,0.00,0.00
0,tcp,http,SF,192,5224,0,0,0,0,0,1,0,0,0,0,0,0,0,0,0,0,6,19,0.00,0.00,0.00,0.00,1.00,0.00,0.16,18,182,1.00,0.00,0.06,0.04,0.00,0.00,0.00,0.00
0,tcp,http,SF,205,1600,0,0,0,0,0,1,0,0,0,0,0,0,0,0,0,0,6,6,0.00,0.00,0.00,0.00,1.00,0.00,0.00,255,255,1.00,0.00,0.00,0.00,0.00,0.00,0.00,0.00
238,tcp,http,SF,199,172,0,0,0,0,0,1,0,0,0,0,0,0,0,0,0,0,2,2,0.00,0.00,0.00,0.00,1.00,0.00,0.00,27,155,1.00,0.00,0.04,0.04,0.00,0.00,0.00,0.00
0,tcp,http,SF,484,10995,0,0,0,0,0,1,0,0,0,0,0,0,0,0,0,0,5,5,0.00,0.00,0.00,0.00,1.00,0.00,0.00,255,255,1.00,0.00,0.00,0.00,0.00,0.00,0.00,0.00
0,tcp,http,SF,365,2920,0,0,0,0,0,1,0,0,0,0,0,0,0,0,0,0,15,15,0.00,0.00,0.00,0.00,1.00,0.00,0.00,255,255,1.00,0.00,0.00,0.00,0.00,0.00,0.00,0.00
0,tcp,http,SF,364,1150,0,0,0,0,0,1,0,0,0,0,0,0,0,0,0,0,25,25,0.00,0.00,0.00,0.00,1.00,0.00,0.00,255,255,1.00,0.00,0.00,0.00,0.00,0.00,0.00,0.00
0,tcp,http,SF,484,588,0,0,0,0,0,1,0,0,0,0,0,0,0,0,0,0,1,1,0.00,0.00,0.00,0.00,1.00,0.00,0.00,13,255,1.00,0.00,0.08,0.06,0.00,0.00,0.00,0.00
0,tcp,http,SF,204,1651,0,0,0,0,0,1,0,0,0,0,0,0,0,0,0,0,8,10,0.00,0.00,0.00,0.00,1.00,0.00,0.30,255,255,1.00,0.00,0.00,0.00,0.00,0.00,0.00,0.00
0,udp,domain_u,SF,45,110,0,0,0,0,0,0,0,0,0,0,0,0,0,0,0,0,1,2,0.00,0.00,0.00,0.00,1.00,0.00,1.00,255,250,0.98,0.01,0.00,0.00,0.00,0.00,0.00,0.00
0,tcp,http,SF,198,7492,0,0,0,0,0,1,0,0,0,0,0,0,0,0,0,0,6,6,0.00,0.00,0.00,0.00,1.00,0.00,0.00,6,255,1.00,0.00,0.17,0.05,0.00,0.00,0.00,0.00
0,tcp,http,SF,200,7306,0,0,0,0,0,1,0,0,0,0,0,0,0,0,0,0,16,16,0.00,0.00,0.00,0.00,1.00,0.00,0.00,16,255,1.00,0.00,0.06,0.05,0.00,0.00,0.00,0.00
0,tcp,http,SF,159,7310,0,0,0,0,0,1,0,0,0,0,0,0,0,0,0,0,26,26,0.00,0.00,0.00,0.00,1.00,0.00,0.00,26,255,1.00,0.00,0.04,0.05,0.00,0.00,0.00,0.00
0,tcp,http,SF,205,7119,0,0,0,0,0,1,0,0,0,0,0,0,0,0,0,0,36,36,0.00,0.00,0.00,0.00,1.00,0.00,0.00,36,255,1.00,0.00,0.03,0.05,0.00,0.00,0.00,0.00
0,tcp,smtp,SF,1994,337,0,0,0,0,0,1,0,0,0,0,0,0,0,0,0,0,1,1,0.00,0.00,0.00,0.00,1.00,0.00,0.00,181,191,0.70,0.02,0.01,0.01,0.00,0.00,0.00,0.00
0,tcp,http,SF,161,8706,0,0,0,0,0,1,0,0,0,0,0,0,0,0,0,0,10,10,0.00,0.00,0.00,0.00,1.00,0.00,0.00,53,255,1.00,0.00,0.02,0.05,0.00,0.00,0.00,0.00
0,tcp,http,SF,207,6512,0,0,0,0,0,1,0,0,0,0,0,0,0,0,0,0,19,19,0.00,0.00,0.00,0.00,1.00,0.00,0.00,62,255,1.00,0.00,0.02,0.05,0.00,0.00,0.00,0.00
0,udp,private,SF,105,0,0,0,0,0,0,0,0,0,0,0,0,0,0,0,0,0,1,1,0.00,0.00,0.00,0.00,1.00,0.00,0.00,255,253,0.99,0.01,0.00,0.00,0.00,0.00,0.00,0.00
0,tcp,http,SF,211,1496,0,0,0,0,0,1,0,0,0,0,0,0,0,0,0,0,1,3,0.00,0.00,0.00,0.00,1.00,0.00,1.00,37,255,1.00,0.00,0.03,0.06,0.00,0.00,0.00,0.00
0,tcp,http,SF,210,1522,0,0,0,0,0,1,0,0,0,0,0,0,0,0,0,0,11,13,0.00,0.00,0.00,0.00,1.00,0.00,0.23,47,255,1.00,0.00,0.02,0.06,0.00,0.00,0.00,0.00
0,tcp,http,SF,147,4843,0,0,0,0,0,1,0,0,0,0,0,0,0,0,0,0,21,23,0.00,0.00,0.00,0.00,1.00,0.00,0.13,57,255,1.00,0.00,0.02,0.05,0.00,0.00,0.00,0.00
0,udp,private,SF,105,0,0,0,0,0,0,0,0,0,0,0,0,0,0,0,0,0,1,1,0.00,0.00,0.00,0.00,1.00,0.00,0.00,255,253,0.99,0.01,0.00,0.00,0.00,0.00,0.00,0.00
0,tcp,http,SF,484,588,0,0,0,0,0,1,0,0,0,0,0,0,0,0,0,0,1,5,0.00,0.00,0.00,0.00,1.00,0.00,0.40,14,255,1.00,0.00,0.07,0.06,0.00,0.00,0.00,0.00
0,tcp,http,SF,217,1600,0,0,0,0,0,1,0,0,0,0,0,0,0,0,0,0,8,8,0.00,0.00,0.00,0.00,1.00,0.00,0.00,255,255,1.00,0.00,0.00,0.00,0.00,0.00,0.00,0.00
1,tcp,smtp,SF,977,337,0,0,0,0,0,1,0,0,0,0,0,0,0,0,0,0,1,2,0.00,0.00,0.00,0.00,1.00,0.00,1.00,186,192,0.70,0.02,0.01,0.01,0.00,0.00,0.00,0.00
0,tcp,http,SF,230,15048,0,0,0,1,0,1,0,0,0,0,0,0,0,0,0,0,5,8,0.00,0.00,0.00,0.00,1.00,0.00,0.25,173,255,1.00,0.00,0.01,0.02,0.00,0.00,0.00,0.00
0,tcp,http,SF,198,2594,0,0,0,0,0,1,0,0,0,0,0,0,0,0,0,0,11,18,0.00,0.00,0.00,0.00,1.00,0.00,0.17,37,255,1.00,0.00,0.03,0.02,0.00,0.00,0.00,0.00
0,tcp,http,SF,154,4481,0,0,0,0,0,1,0,0,0,0,0,0,0,0,0,0,18,28,0.00,0.00,0.00,0.00,1.00,0.00,0.11,44,255,1.00,0.00,0.02,0.02,0.00,0.00,0.00,0.00
0,tcp,http,SF,227,2483,0,0,0,0,0,1,0,0,0,0,0,0,0,0,0,0,10,37,0.00,0.00,0.00,0.00,1.00,0.00,0.08,178,255,1.00,0.00,0.01,0.02,0.00,0.00,0.00,0.00
0,tcp,http,SF,220,1528,0,0,0,0,0,1,0,0,0,0,0,0,0,0,0,0,3,4,0.00,0.00,0.00,0.00,1.00,0.00,0.50,255,255,1.00,0.00,0.00,0.00,0.00,0.00,0.00,0.00
0,tcp,http,SF,222,1576,0,0,0,0,0,1,0,0,0,0,0,0,0,0,0,0,13,14,0.00,0.00,0.00,0.00,1.00,0.00,0.14,255,255,1.00,0.00,0.00,0.00,0.00,0.00,0.00,0.00
0,tcp,http,SF,206,1680,0,0,0,0,0,1,0,0,0,0,0,0,0,0,0,0,8,22,0.00,0.00,0.00,0.00,1.00,0.00,0.09,255,255,1.00,0.00,0.00,0.00,0.00,0.00,0.00,0.00
0,udp,private,SF,105,0,0,0,0,0,0,0,0,0,0,0,0,0,0,0,0,0,1,1,0.00,0.00,0.00,0.00,1.00,0.00,0.00,255,253,0.99,0.01,0.00,0.00,0.00,0.00,0.00,0.00
0,udp,private,SF,105,0,0,0,0,0,0,0,0,0,0,0,0,0,0,0,0,0,1,1,0.00,0.00,0.00,0.00,1.00,0.00,0.00,255,253,0.99,0.01,0.00,0.00,0.00,0.00,0.00,0.00
0,tcp,smtp,SF,6038,335,0,0,0,0,0,1,0,0,0,0,0,0,0,0,0,0,2,2,0.00,0.00,0.00,0.00,1.00,0.00,0.00,192,198,0.72,0.02,0.01,0.01,0.00,0.00,0.00,0.00
0,tcp,http,SF,211,2701,0,0,0,0,0,1,0,0,0,0,0,0,0,0,0,0,4,7,0.00,0.00,0.00,0.00,1.00,0.00,0.29,126,255,1.00,0.00,0.01,0.05,0.00,0.00,0.00,0.00
0,udp,private,SF,105,0,0,0,0,0,0,0,0,0,0,0,0,0,0,0,0,0,1,1,0.00,0.00,0.00,0.00,1.00,0.00,0.00,255,253,0.99,0.01,0.00,0.00,0.00,0.00,0.00,0.00
0,tcp,smtp,SF,1320,333,0,0,0,0,0,1,0,0,0,0,0,0,0,0,0,0,1,1,0.00,0.00,0.00,0.00,1.00,0.00,0.00,197,183,0.72,0.02,0.01,0.01,0.00,0.00,0.00,0.00
0,tcp,http,SF,229,1418,0,0,0,0,0,1,0,0,0,0,0,0,0,0,0,0,2,2,0.00,0.00,0.00,0.00,1.00,0.00,0.00,216,255,1.00,0.00,0.00,0.01,0.00,0.00,0.00,0.00
0,tcp,http,SF,220,311,0,0,0,0,0,1,0,0,0,0,0,0,0,0,0,0,2,10,0.00,0.00,0.00,0.00,1.00,0.00,0.30,59,255,1.00,0.00,0.02,0.05,0.00,0.00,0.00,0.00
0,tcp,http,SF,235,1240,0,0,0,0,0,1,0,0,0,0,0,0,0,0,0,0,11,20,0.00,0.00,0.00,0.00,1.00,0.00,0.15,225,255,1.00,0.00,0.00,0.01,0.00,0.00,0.00,0.00
0,tcp,http,SF,218,7581,0,0,0,0,0,1,0,0,0,0,0,0,0,0,0,0,19,30,0.00,0.00,0.00,0.00,1.00,0.00,0.10,233,255,1.00,0.00,0.00,0.01,0.00,0.00,0.00,0.00
25,tcp,telnet,SF,456,469539,0,0,0,0,0,1,0,0,0,0,0,0,0,0,0,0,1,1,0.00,0.00,0.00,0.00,1.00,0.00,0.00,204,35,0.17,0.02,0.00,0.00,0.00,0.00,0.00,0.00
0,tcp,http,SF,258,21202,0,0,0,0,0,1,0,0,0,0,0,0,0,0,0,0,8,10,0.00,0.00,0.00,0.00,1.00,0.00,0.20,241,255,1.00,0.00,0.00,0.01,0.00,0.00,0.00,0.00
0,tcp,finger,SF,6,137,0,0,0,0,0,0,0,0,0,0,0,0,0,0,0,0,1,1,0.00,0.00,0.00,0.00,1.00,0.00,0.00,242,10,0.04,0.03,0.00,0.00,0.00,0.00,0.00,0.00
0,tcp,http,SF,204,1569,0,0,0,0,0,1,0,0,0,0,0,0,0,0,0,0,1,4,0.00,0.00,0.00,0.00,1.00,0.00,0.50,2,255,1.00,0.00,0.50,0.06,0.00,0.00,0.00,0.00
0,tcp,http,SF,206,750,0,0,0,0,0,1,0,0,0,0,0,0,0,0,0,0,10,14,0.00,0.00,0.00,0.00,1.00,0.00,0.21,11,255,1.00,0.00,0.09,0.06,0.00,0.00,0.00,0.00
0,tcp,http,SF,195,1823,0,0,0,0,0,1,0,0,0,0,0,0,0,0,0,0,2,21,0.00,0.00,0.00,0.00,1.00,0.00,0.19,149,255,1.00,0.00,0.01,0.01,0.00,0.00,0.00,0.00
0,tcp,http,SF,194,8524,0,0,0,0,0,1,0,0,0,0,0,0,0,0,0,0,11,12,0.00,0.00,0.00,0.00,1.00,0.00,0.17,158,255,1.00,0.00,0.01,0.01,0.00,0.00,0.00,0.00
0,tcp,http,SF,194,768,0,0,0,0,0,1,0,0,0,0,0,0,0,0,0,0,1,1,0.00,0.00,0.00,0.00,1.00,0.00,0.00,166,255,1.00,0.00,0.01,0.01,0.00,0.00,0.00,0.00
0,tcp,http,SF,197,2202,0,0,0,0,0,1,0,0,0,0,0,0,0,0,0,0,11,11,0.00,0.00,0.00,0.00,1.00,0.00,0.00,176,255,1.00,0.00,0.01,0.01,0.00,0.00,0.00,0.00
0,tcp,http,SF,195,3281,0,0,0,0,0,1,0,0,0,0,0,0,0,0,0,0,21,21,0.00,0.00,0.00,0.00,1.00,0.00,0.00,186,255,1.00,0.00,0.01,0.01,0.00,0.00,0.00,0.00
0,tcp,http,SF,263,34345,0,0,0,0,0,1,0,0,0,0,0,0,0,0,0,0,1,29,0.00,0.00,0.00,0.00,1.00,0.00,0.10,255,255,1.00,0.00,0.00,0.00,0.00,0.00,0.00,0.00
0,tcp,http,SF,322,3127,0,0,0,0,0,1,0,0,0,0,0,0,0,0,0,0,11,12,0.00,0.00,0.00,0.00,1.00,0.00,0.17,255,255,1.00,0.00,0.00,0.00,0.00,0.00,0.00,0.00
0,tcp,http,SF,313,1343,0,0,0,0,0,1,0,0,0,0,0,0,0,0,0,0,21,21,0.00,0.00,0.00,0.00,1.00,0.00,0.00,255,255,1.00,0.00,0.00,0.00,0.00,0.00,0.00,0.00
0,tcp,http,SF,322,7056,0,0,0,0,0,1,0,0,0,0,0,0,0,0,0,0,31,31,0.00,0.00,0.00,0.00,1.00,0.00,0.00,255,255,1.00,0.00,0.00,0.00,0.00,0.00,0.00,0.00
0,tcp,http,SF,321,682,0,0,0,0,0,1,0,0,0,0,0,0,0,0,0,0,41,41,0.00,0.00,0.00,0.00,1.00,0.00,0.00,255,255,1.00,0.00,0.00,0.00,0.00,0.00,0.00,0.00
0,tcp,http,SF,211,2701,0,0,0,0,0,1,0,0,0,0,0,0,0,0,0,0,2,3,0.00,0.00,0.00,0.00,1.00,0.00,0.67,132,255,1.00,0.00,0.01,0.05,0.00,0.00,0.00,0.00
0,tcp,http,SF,233,1585,0,0,0,0,0,1,0,0,0,0,0,0,0,0,0,0,4,4,0.00,0.00,0.00,0.00,1.00,0.00,0.00,255,255,1.00,0.00,0.00,0.00,0.00,0.00,0.00,0.00
0,tcp,http,SF,178,2023,0,0,0,0,0,1,0,0,0,0,0,0,0,0,0,0,3,3,0.00,0.00,0.00,0.00,1.00,0.00,0.00,255,255,1.00,0.00,0.00,0.00,0.00,0.00,0.00,0.00
0,tcp,http,SF,258,1642,0,0,0,0,0,1,0,0,0,0,0,0,0,0,0,0,13,13,0.00,0.00,0.00,0.00,1.00,0.00,0.00,255,255,1.00,0.00,0.00,0.00,0.00,0.00,0.00,0.00
0,tcp,http,SF,257,89847,0,0,0,0,0,1,0,0,0,0,0,0,0,0,0,0,22,23,0.00,0.00,0.00,0.00,1.00,0.00,0.09,255,255,1.00,0.00,0.00,0.00,0.00,0.00,0.00,0.00
0,tcp,http,SF,240,295,0,0,0,0,0,1,0,0,0,0,0,0,0,0,0,0,5,6,0.00,0.00,0.00,0.00,1.00,0.00,0.33,23,255,1.00,0.00,0.04,0.06,0.00,0.00,0.00,0.00
0,tcp,http,SF,151,3859,0,0,0,0,0,1,0,0,0,0,0,0,0,0,0,0,1,2,0.00,0.00,0.00,0.00,1.00,0.00,1.00,1,255,1.00,0.00,1.00,0.03,0.00,0.00,0.00,0.00
0,udp,domain_u,SF,44,115,0,0,0,0,0,0,0,0,0,0,0,0,0,0,0,0,1,5,0.00,0.00,0.00,0.00,1.00,0.00,0.40,255,242,0.95,0.01,0.00,0.00,0.00,0.00,0.00,0.00
0,udp,private,SF,105,0,0,0,0,0,0,0,0,0,0,0,0,0,0,0,0,0,1,1,0.00,0.00,0.00,0.00,1.00,0.00,0.00,255,252,0.99,0.01,0.00,0.00,0.00,0.00,0.00,0.00
0,udp,private,SF,105,0,0,0,0,0,0,0,0,0,0,0,0,0,0,0,0,0,1,1,0.00,0.00,0.00,0.00,1.00,0.00,0.00,255,252,0.99,0.01,0.00,0.00,0.00,0.00,0.00,0.00
0,udp,domain_u,SF,43,43,0,0,0,0,0,0,0,0,0,0,0,0,0,0,0,0,1,3,0.00,0.00,0.00,0.00,1.00,0.00,1.00,255,241,0.95,0.01,0.00,0.00,0.00,0.00,0.00,0.00
0,tcp,http,SF,205,9081,0,0,0,0,0,1,0,0,0,0,0,0,0,0,0,0,1,1,0.00,0.00,0.00,0.00,1.00,0.00,0.00,90,255,1.00,0.00,0.01,0.05,0.00,0.00,0.00,0.00
0,tcp,http,SF,192,2257,0,0,0,0,0,1,0,0,0,0,0,0,0,0,0,0,5,10,0.00,0.00,0.00,0.00,1.00,0.00,0.20,23,187,1.00,0.00,0.04,0.04,0.00,0.00,0.00,0.00
0,tcp,http,SF,235,6608,0,0,0,0,0,1,0,0,0,0,0,0,0,0,0,0,7,7,0.00,0.00,0.00,0.00,1.00,0.00,0.00,7,255,1.00,0.00,0.14,0.04,0.00,0.00,0.00,0.00
0,tcp,http,SF,227,755,0,0,0,0,0,1,0,0,0,0,0,0,0,0,0,0,16,16,0.00,0.00,0.00,0.00,1.00,0.00,0.00,16,255,1.00,0.00,0.06,0.04,0.00,0.00,0.00,0.00
0,tcp,http,SF,167,2595,0,0,0,0,0,1,0,0,0,0,0,0,0,0,0,0,26,26,0.00,0.00,0.00,0.00,1.00,0.00,0.00,26,255,1.00,0.00,0.04,0.04,0.00,0.00,0.00,0.00
0,tcp,http,SF,283,10313,0,0,0,0,0,1,0,0,0,0,0,0,0,0,0,0,1,1,0.00,0.00,0.00,0.00,1.00,0.00,0.00,255,255,1.00,0.00,0.00,0.00,0.00,0.00,0.00,0.00
0,tcp,http,SF,344,2029,0,0,0,0,0,1,0,0,0,0,0,0,0,0,0,0,10,10,0.00,0.00,0.00,0.00,1.00,0.00,0.00,255,255,1.00,0.00,0.00,0.00,0.00,0.00,0.00,0.00
0,tcp,http,SF,346,2681,0,0,0,0,0,1,0,0,0,0,0,0,0,0,0,0,20,20,0.00,0.00,0.00,0.00,1.00,0.00,0.00,255,255,1.00,0.00,0.00,0.00,0.00,0.00,0.00,0.00
0,udp,private,SF,105,0,0,0,0,0,0,0,0,0,0,0,0,0,0,0,0,0,1,1,0.00,0.00,0.00,0.00,1.00,0.00,0.00,255,253,0.99,0.01,0.01,0.00,0.00,0.00,0.00,0.00
0,tcp,http,SF,347,2083,0,0,0,0,0,1,0,0,0,0,0,0,0,0,0,0,3,4,0.00,0.00,0.00,0.00,1.00,0.00,0.50,255,255,1.00,0.00,0.00,0.00,0.00,0.00,0.00,0.00
0,tcp,http,SF,345,986,0,0,0,0,0,1,0,0,0,0,0,0,0,0,0,0,10,13,0.00,0.00,0.00,0.00,1.00,0.00,0.23,255,255,1.00,0.00,0.00,0.00,0.00,0.00,0.00,0.00
0,tcp,http,SF,255,1882,0,0,0,0,0,1,0,0,0,0,0,0,0,0,0,0,4,22,0.00,0.00,0.00,0.00,1.00,0.00,0.14,255,255,1.00,0.00,0.00,0.00,0.00,0.00,0.00,0.00
0,tcp,http,SF,257,89847,0,0,0,0,0,1,0,0,0,0,0,0,0,0,0,0,14,32,0.00,0.00,0.00,0.00,1.00,0.00,0.09,255,255,1.00,0.00,0.01,0.00,0.00,0.00,0.00,0.00
0,tcp,http,SF,335,3729,0,0,0,0,0,1,0,0,0,0,0,0,0,0,0,0,1,1,0.00,0.00,0.00,0.00,1.00,0.00,0.00,255,255,1.00,0.00,0.00,0.00,0.00,0.00,0.00,0.00
0,tcp,http,SF,221,1746,0,0,0,0,0,1,0,0,0,0,0,0,0,0,0,0,2,2,0.00,0.00,0.00,0.00,1.00,0.00,0.00,2,255,1.00,0.00,0.50,0.03,0.00,0.00,0.00,0.00
0,udp,private,SF,105,0,0,0,0,0,0,0,0,0,0,0,0,0,0,0,0,0,1,1,0.00,0.00,0.00,0.00,1.00,0.00,0.00,255,253,0.99,0.01,0.00,0.00,0.00,0.00,0.00,0.00
0,tcp,http,SF,149,1066,0,0,0,0,0,1,0,0,0,0,0,0,0,0,0,0,1,1,0.00,0.00,0.00,0.00,1.00,0.00,0.00,1,255,1.00,0.00,1.00,0.04,0.00,0.00,0.00,0.00
0,tcp,http,SF,211,24292,0,0,0,0,0,1,0,0,0,0,0,0,0,0,0,0,11,11,0.00,0.00,0.00,0.00,1.00,0.00,0.00,11,255,1.00,0.00,0.09,0.04,0.00,0.00,0.00,0.00
0,tcp,http,SF,330,21997,0,0,0,0,0,1,0,0,0,0,0,0,0,0,0,0,2,18,0.00,0.06,0.00,0.00,1.00,0.00,0.11,255,255,1.00,0.00,0.00,0.00,0.00,0.00,0.00,0.00
0,tcp,http,SF,335,321,0,0,0,0,0,1,0,0,0,0,0,0,0,0,0,0,12,22,0.00,0.05,0.00,0.00,1.00,0.00,0.09,255,255,1.00,0.00,0.00,0.00,0.00,0.00,0.00,0.00
0,tcp,http,SF,348,9147,0,0,0,0,0,1,0,0,0,0,0,0,0,0,0,0,21,31,0.00,0.03,0.00,0.00,1.00,0.00,0.06,255,255,1.00,0.00,0.00,0.00,0.00,0.00,0.00,0.00
0,tcp,http,SF,348,7363,0,0,0,0,0,1,0,0,0,0,0,0,0,0,0,0,31,41,0.00,0.02,0.00,0.00,1.00,0.00,0.05,255,255,1.00,0.00,0.00,0.00,0.00,0.00,0.00,0.00
0,tcp,http,SF,339,2075,0,0,0,0,0,1,0,0,0,0,0,0,0,0,0,0,1,1,0.00,0.00,0.00,0.00,1.00,0.00,0.00,255,255,1.00,0.00,0.00,0.00,0.00,0.00,0.00,0.00
0,tcp,http,SF,355,3532,0,0,0,0,0,1,0,0,0,0,0,0,0,0,0,0,11,11,0.00,0.00,0.00,0.00,1.00,0.00,0.00,255,255,1.00,0.00,0.00,0.00,0.00,0.00,0.00,0.00
0,tcp,http,SF,305,2507,0,0,0,0,0,1,0,0,0,0,0,0,0,0,0,0,3,3,0.00,0.00,0.00,0.00,1.00,0.00,0.00,255,238,0.93,0.01,0.00,0.00,0.00,0.00,0.00,0.00
0,tcp,ftp_data,SF,687,0,0,0,0,0,0,0,0,0,0,0,0,0,0,0,0,0,2,1,0.00,0.00,0.00,0.00,0.50,1.00,0.00,145,49,0.28,0.04,0.28,0.04,0.00,0.02,0.00,0.00
0,tcp,http,SF,217,415,0,0,0,0,0,1,0,0,0,0,0,0,0,0,0,0,5,5,0.00,0.00,0.00,0.00,1.00,0.00,0.00,111,255,1.00,0.00,0.01,0.04,0.00,0.00,0.00,0.00
0,tcp,http,SF,214,601,0,0,0,0,0,1,0,0,0,0,0,0,0,0,0,0,14,14,0.00,0.00,0.00,0.00,1.00,0.00,0.00,120,255,1.00,0.00,0.01,0.03,0.00,0.00,0.00,0.00
0,tcp,http,SF,218,179,0,0,0,0,0,1,0,0,0,0,0,0,0,0,0,0,24,24,0.00,0.00,0.00,0.00,1.00,0.00,0.00,130,255,1.00,0.00,0.01,0.03,0.00,0.00,0.00,0.00
0,tcp,http,SF,199,2791,0,0,0,0,0,1,0,0,0,0,0,0,0,0,0,0,4,4,0.00,0.00,0.00,0.00,1.00,0.00,0.00,32,255,1.00,0.00,0.03,0.03,0.00,0.00,0.00,0.00
0,tcp,http,SF,209,5871,0,0,0,0,0,1,0,0,0,0,0,0,0,0,0,0,1,1,0.00,0.00,0.00,0.00,1.00,0.00,0.00,38,255,1.00,0.00,0.03,0.03,0.00,0.00,0.00,0.00
0,udp,private,SF,105,0,0,0,0,0,0,0,0,0,0,0,0,0,0,0,0,0,1,1,0.00,0.00,0.00,0.00,1.00,0.00,0.00,255,253,0.99,0.01,0.00,0.00,0.00,0.00,0.00,0.00
0,tcp,http,SF,170,2213,0,0,0,0,0,1,0,0,0,0,0,0,0,0,0,0,5,5,0.00,0.00,0.00,0.00,1.00,0.00,0.00,51,255,1.00,0.00,0.02,0.03,0.00,0.00,0.00,0.00
0,tcp,smtp,SF,0,83,0,0,0,0,0,1,0,0,0,0,0,0,0,0,0,0,1,2,0.00,0.00,0.00,0.00,1.00,0.00,1.00,145,109,0.65,0.08,0.01,0.02,0.01,0.00,0.00,0.00
1,tcp,smtp,SF,1801,374,0,0,0,0,0,1,0,0,0,0,0,0,0,0,0,0,1,1,0.00,0.00,0.00,0.00,1.00,0.00,0.00,192,192,0.71,0.02,0.01,0.01,0.00,0.00,0.00,0.00
0,tcp,http,SF,231,2883,0,0,0,0,0,1,0,0,0,0,0,0,0,0,0,0,8,8,0.00,0.00,0.00,0.00,1.00,0.00,0.00,140,255,1.00,0.00,0.01,0.02,0.00,0.00,0.00,0.00
0,tcp,http,SF,221,1684,0,0,0,0,0,1,0,0,0,0,0,0,0,0,0,0,18,18,0.00,0.00,0.00,0.00,1.00,0.00,0.00,150,255,1.00,0.00,0.01,0.02,0.00,0.00,0.00,0.00
0,tcp,http,SF,216,1194,0,0,0,0,0,1,0,0,0,0,0,0,0,0,0,0,28,28,0.00,0.00,0.00,0.00,1.00,0.00,0.00,160,255,1.00,0.00,0.01,0.02,0.00,0.00,0.00,0.00
0,tcp,http,SF,228,293,0,0,0,0,0,1,0,0,0,0,0,0,0,0,0,0,1,1,0.00,0.00,0.00,0.00,1.00,0.00,0.00,162,255,1.00,0.00,0.01,0.02,0.00,0.00,0.00,0.00
0,tcp,http,SF,339,2669,0,0,0,0,0,1,0,0,0,0,0,0,0,0,0,0,5,11,0.00,0.00,0.00,0.00,1.00,0.00,0.18,255,255,1.00,0.00,0.00,0.00,0.00,0.00,0.00,0.00
0,tcp,http,SF,353,12707,0,0,0,0,0,1,0,0,0,0,0,0,0,0,0,0,7,21,0.00,0.00,0.00,0.00,1.00,0.00,0.10,255,255,1.00,0.00,0.00,0.00,0.00,0.00,0.00,0.00
0,tcp,http,SF,220,675,0,0,0,0,0,1,0,0,0,0,0,0,0,0,0,0,24,31,0.00,0.00,0.00,0.00,1.00,0.00,0.06,185,255,1.00,0.00,0.01,0.02,0.00,0.00,0.00,0.00
0,tcp,ftp_data,SF,245,0,0,0,0,0,0,0,0,0,0,0,0,0,0,0,0,0,3,2,0.00,0.00,0.00,0.00,0.67,0.67,0.00,150,54,0.30,0.04,0.30,0.04,0.00,0.02,0.00,0.00
0,udp,private,SF,105,0,0,0,0,0,0,0,0,0,0,0,0,0,0,0,0,0,1,1,0.00,0.00,0.00,0.00,1.00,0.00,0.00,255,253,0.99,0.01,0.00,0.00,0.00,0.00,0.00,0.00
0,tcp,http,SF,279,18396,0,0,0,0,0,1,0,0,0,0,0,0,0,0,0,0,2,2,0.00,0.00,0.00,0.00,1.00,0.00,0.00,255,255,1.00,0.00,0.00,0.00,0.00,0.00,0.00,0.00
0,tcp,http,SF,338,2379,0,0,0,0,0,1,0,0,0,0,0,0,0,0,0,0,12,12,0.00,0.00,0.00,0.00,1.00,0.00,0.00,255,255,1.00,0.00,0.00,0.00,0.00,0.00,0.00,0.00
0,tcp,http,SF,337,408,0,0,0,0,0,1,0,0,0,0,0,0,0,0,0,0,21,21,0.00,0.00,0.00,0.00,1.00,0.00,0.00,255,255,1.00,0.00,0.00,0.00,0.00,0.00,0.00,0.00
0,tcp,http,SF,333,313,0,0,0,0,0,1,0,0,0,0,0,0,0,0,0,0,31,31,0.00,0.00,0.00,0.00,1.00,0.00,0.00,255,255,1.00,0.00,0.00,0.00,0.00,0.00,0.00,0.00
0,tcp,http,SF,204,14673,0,0,0,0,0,1,0,0,0,0,0,0,0,0,0,0,4,4,0.00,0.00,0.00,0.00,1.00,0.00,0.00,4,254,1.00,0.00,0.25,0.07,0.00,0.00,0.00,0.00
0,tcp,http,SF,360,8504,0,0,0,0,0,1,0,0,0,0,0,0,0,0,0,0,1,7,0.00,0.00,0.00,0.00,1.00,0.00,0.29,4,255,1.00,0.00,0.25,0.02,0.00,0.00,0.00,0.00
0,tcp,http,SF,227,1991,0,0,0,0,0,1,0,0,0,0,0,0,0,0,0,0,11,11,0.00,0.00,0.00,0.00,1.00,0.00,0.00,59,255,1.00,0.00,0.02,0.04,0.00,0.00,0.00,0.00
0,tcp,http,SF,222,2022,0,0,0,0,0,1,0,0,0,0,0,0,0,0,0,0,21,21,0.00,0.00,0.00,0.00,1.00,0.00,0.00,69,255,1.00,0.00,0.01,0.04,0.00,0.00,0.00,0.00
0,tcp,http,SF,332,321,0,0,0,0,0,1,0,0,0,0,0,0,0,0,0,0,5,5,0.00,0.00,0.00,0.00,1.00,0.00,0.00,39,255,1.00,0.00,0.03,0.03,0.00,0.00,0.00,0.00
0,tcp,http,SF,332,717,0,0,0,0,0,1,0,0,0,0,0,0,0,0,0,0,15,15,0.00,0.00,0.00,0.00,1.00,0.00,0.00,49,255,1.00,0.00,0.02,0.03,0.00,0.00,0.00,0.00
0,tcp,http,SF,249,309,0,0,0,0,0,1,0,0,0,0,0,0,0,0,0,0,3,3,0.00,0.00,0.00,0.00,1.00,0.00,0.00,23,255,1.00,0.00,0.04,0.02,0.04,0.00,0.00,0.00
0,tcp,http,SF,193,765,0,0,0,0,0,1,0,0,0,0,0,0,0,0,0,0,3,3,0.00,0.00,0.00,0.00,1.00,0.00,0.00,25,255,1.00,0.00,0.04,0.01,0.00,0.00,0.00,0.00
0,tcp,http,SF,189,308,0,0,0,0,0,1,0,0,0,0,0,0,0,0,0,0,10,13,0.00,0.00,0.00,0.00,1.00,0.00,0.15,87,255,1.00,0.00,0.01,0.01,0.01,0.01,0.00,0.00
0,tcp,http,SF,145,3011,0,0,0,0,0,1,0,0,0,0,0,0,0,0,0,0,1,1,0.00,0.00,0.00,0.00,1.00,0.00,0.00,14,255,1.00,0.00,0.07,0.04,0.00,0.00,0.00,0.00
0,tcp,http,SF,196,3214,0,0,0,0,0,1,0,0,0,0,0,0,0,0,0,0,10,10,0.00,0.00,0.00,0.00,1.00,0.00,0.00,23,255,1.00,0.00,0.04,0.04,0.00,0.00,0.00,0.00
0,tcp,http,SF,193,7142,0,0,0,0,0,1,0,0,0,0,0,0,0,0,0,0,5,5,0.00,0.00,0.00,0.00,1.00,0.00,0.00,31,255,1.00,0.00,0.03,0.04,0.00,0.00,0.00,0.00
0,tcp,http,SF,257,2101,0,0,0,0,0,1,0,0,0,0,0,0,0,0,0,0,1,2,0.00,0.00,0.00,0.00,1.00,0.00,1.00,57,255,1.00,0.00,0.02,0.03,0.00,0.00,0.00,0.00
0,tcp,http,SF,212,16635,0,0,0,0,0,1,0,0,0,0,0,0,0,0,0,0,6,10,0.00,0.00,0.00,0.00,1.00,0.00,0.20,36,255,1.00,0.00,0.03,0.02,0.03,0.00,0.00,0.00
0,tcp,http,SF,214,3111,0,0,0,0,0,1,0,0,0,0,0,0,0,0,0,0,16,20,0.00,0.00,0.00,0.00,1.00,0.00,0.10,46,255,1.00,0.00,0.02,0.02,0.02,0.00,0.00,0.00
0,tcp,http,SF,211,765,0,0,0,0,0,1,0,0,0,0,0,0,0,0,0,0,4,4,0.00,0.00,0.00,0.00,1.00,0.00,0.00,255,255,1.00,0.00,0.00,0.00,0.01,0.01,0.00,0.00
0,tcp,http,SF,211,578,0,0,0,0,0,1,0,0,0,0,0,0,0,0,0,0,14,14,0.00,0.00,0.00,0.00,1.00,0.00,0.00,255,255,1.00,0.00,0.01,0.00,0.01,0.01,0.00,0.00
0,tcp,http,SF,213,645,0,0,0,0,0,1,0,0,0,0,0,0,0,0,0,0,24,24,0.00,0.00,0.00,0.00,1.00,0.00,0.00,255,255,1.00,0.00,0.00,0.00,0.01,0.01,0.00,0.00
0,tcp,http,SF,205,365,0,0,0,0,0,1,0,0,0,0,0,0,0,0,0,0,34,34,0.00,0.00,0.00,0.00,1.00,0.00,0.00,255,255,1.00,0.00,0.00,0.00,0.01,0.01,0.00,0.00
0,tcp,http,SF,224,331,0,0,0,0,0,1,0,0,0,0,0,0,0,0,0,0,7,7,0.00,0.00,0.00,0.00,1.00,0.00,0.00,255,255,1.00,0.00,0.00,0.00,0.01,0.01,0.00,0.00
0,tcp,http,SF,220,1501,0,0,0,0,0,1,0,0,0,0,0,0,0,0,0,0,17,17,0.00,0.00,0.00,0.00,1.00,0.00,0.00,255,255,1.00,0.00,0.01,0.00,0.01,0.01,0.00,0.00
0,tcp,http,SF,215,3450,0,0,0,0,0,1,0,0,0,0,0,0,0,0,0,0,3,26,0.00,0.00,0.00,0.00,1.00,0.00,0.12,6,255,1.00,0.00,0.17,0.04,0.00,0.00,0.00,0.00
0,tcp,http,SF,212,1224,0,0,0,0,0,1,0,0,0,0,0,0,0,0,0,0,13,36,0.00,0.00,0.00,0.00,1.00,0.00,0.08,16,255,1.00,0.00,0.06,0.04,0.00,0.00,0.00,0.00
0,tcp,http,SF,164,25445,0,0,0,0,0,1,0,0,0,0,0,0,0,0,0,0,1,1,0.00,0.00,0.00,0.00,1.00,0.00,0.00,255,255,1.00,0.00,0.00,0.00,0.01,0.01,0.00,0.00
0,tcp,http,SF,221,6356,0,0,0,0,0,1,0,0,0,0,0,0,0,0,0,0,10,10,0.00,0.00,0.00,0.00,1.00,0.00,0.00,255,255,1.00,0.00,0.00,0.00,0.01,0.01,0.00,0.00
0,tcp,http,SF,215,4244,0,0,0,0,0,1,0,0,0,0,0,0,0,0,0,0,3,8,0.00,0.00,0.00,0.00,1.00,0.00,0.38,49,255,1.00,0.00,0.02,0.02,0.02,0.00,0.00,0.00
0,tcp,http,SF,212,3057,0,0,0,0,0,1,0,0,0,0,0,0,0,0,0,0,12,18,0.00,0.00,0.00,0.00,1.00,0.00,0.17,58,255,1.00,0.00,0.02,0.02,0.02,0.00,0.00,0.00
0,tcp,http,SF,232,1075,0,0,0,0,0,1,0,0,0,0,0,0,0,0,0,0,1,2,0.00,0.00,0.00,0.00,1.00,0.00,1.00,255,233,0.91,0.03,0.00,0.00,0.01,0.00,0.04,0.00
0,tcp,http,SF,249,309,0,0,0,0,0,1,0,0,0,0,0,0,0,0,0,0,3,12,0.00,0.00,0.00,0.00,1.00,0.00,0.33,65,255,1.00,0.00,0.02,0.02,0.02,0.00,0.00,0.00
0,tcp,http,SF,195,1055,0,0,0,0,0,1,0,0,0,0,0,0,0,0,0,0,3,13,0.00,0.00,0.00,0.00,1.00,0.00,0.15,3,255,1.00,0.00,0.33,0.05,0.00,0.00,0.00,0.00
0,tcp,http,SF,194,264,0,0,0,0,0,1,0,0,0,0,0,0,0,0,0,0,6,23,0.00,0.00,0.00,0.00,1.00,0.00,0.17,45,255,1.00,0.00,0.02,0.04,0.00,0.00,0.00,0.00
0,tcp,http,SF,195,3014,0,0,0,0,0,1,0,0,0,0,0,0,0,0,0,0,13,33,0.00,0.00,0.00,0.00,1.00,0.00,0.12,52,255,1.00,0.00,0.02,0.04,0.00,0.00,0.00,0.00
0,tcp,http,SF,189,296,0,0,0,0,0,1,0,0,0,0,0,0,0,0,0,0,1,30,0.00,0.00,0.00,0.00,1.00,0.00,0.10,1,255,1.00,0.00,1.00,0.08,0.00,0.00,0.00,0.00
0,tcp,http,SF,192,722,0,0,0,0,0,1,0,0,0,0,0,0,0,0,0,0,10,40,0.00,0.00,0.00,0.00,1.00,0.00,0.10,13,255,1.00,0.00,0.08,0.05,0.00,0.00,0.00,0.00
0,tcp,ftp,SF,26,157,0,0,0,0,1,0,0,0,0,0,0,0,0,0,0,1,1,1,0.00,0.00,0.00,0.00,1.00,0.00,0.00,54,28,0.52,0.07,0.02,0.00,0.00,0.00,0.00,0.00
0,tcp,http,SF,216,6487,0,0,0,0,0,1,0,0,0,0,0,0,0,0,0,0,7,7,0.00,0.00,0.00,0.00,1.00,0.00,0.00,38,255,1.00,0.00,0.03,0.01,0.00,0.00,0.00,0.00
0,tcp,http,SF,206,3311,0,0,0,0,0,1,0,0,0,0,0,0,0,0,0,0,10,10,0.00,0.00,0.00,0.00,1.00,0.00,0.00,62,255,1.00,0.00,0.02,0.04,0.00,0.00,0.00,0.00
0,tcp,http,SF,168,3176,0,0,0,0,0,1,0,0,0,0,0,0,0,0,0,0,1,20,0.00,0.00,0.00,0.00,1.00,0.00,0.10,21,255,1.00,0.00,0.05,0.03,0.00,0.00,0.00,0.00
0,tcp,http,SF,165,6808,0,0,0,0,0,1,0,0,0,0,0,0,0,0,0,0,10,10,0.00,0.00,0.00,0.00,1.00,0.00,0.00,82,255,1.00,0.00,0.01,0.02,0.01,0.00,0.00,0.00
0,tcp,http,SF,227,1451,0,0,0,0,0,1,0,0,0,0,0,0,0,0,0,0,4,7,0.00,0.00,0.00,0.00,1.00,0.00,0.29,5,255,1.00,0.00,0.20,0.08,0.00,0.00,0.00,0.00
0,tcp,http,SF,232,457,0,0,0,0,0,1,0,0,0,0,0,0,0,0,0,0,14,17,0.00,0.00,0.00,0.00,1.00,0.00,0.12,15,255,1.00,0.00,0.07,0.08,0.00,0.00,0.00,0.00
0,tcp,http,SF,233,1436,0,0,0,0,0,1,0,0,0,0,0,0,0,0,0,0,23,27,0.00,0.00,0.00,0.00,1.00,0.00,0.11,24,255,1.00,0.00,0.04,0.08,0.00,0.00,0.00,0.00
0,tcp,http,SF,163,704,0,0,0,0,0,1,0,0,0,0,0,0,0,0,0,0,33,37,0.00,0.00,0.00,0.00,1.00,0.00,0.08,34,255,1.00,0.00,0.03,0.08,0.00,0.00,0.00,0.00
0,tcp,http,SF,213,25519,0,0,0,0,0,1,0,0,0,0,0,0,0,0,0,0,2,3,0.00,0.00,0.00,0.00,1.00,0.00,0.67,23,255,1.00,0.00,0.04,0.03,0.00,0.00,0.00,0.00
0,tcp,http,SF,209,5058,0,0,0,0,0,1,0,0,0,0,0,0,0,0,0,0,6,8,0.00,0.00,0.00,0.00,1.00,0.00,0.38,77,255,1.00,0.00,0.01,0.04,0.00,0.00,0.00,0.00
0,tcp,http,SF,258,1497,0,0,0,0,0,1,0,0,0,0,0,0,0,0,0,0,6,16,0.00,0.00,0.00,0.00,1.00,0.00,0.19,6,253,1.00,0.00,0.17,0.03,0.00,0.00,0.00,0.00
0,tcp,http,SF,255,426,0,0,0,0,0,1,0,0,0,0,0,0,0,0,0,0,12,26,0.00,0.00,0.00,0.00,1.00,0.00,0.12,12,253,1.00,0.00,0.08,0.03,0.00,0.00,0.00,0.00
0,tcp,http,SF,204,264,0,0,0,0,0,1,0,0,0,0,0,0,0,0,0,0,2,2,0.00,0.00,0.00,0.00,1.00,0.00,0.00,80,255,1.00,0.00,0.01,0.04,0.00,0.00,0.00,0.00
0,tcp,http,SF,204,3041,0,0,0,0,0,1,0,0,0,0,0,0,0,0,0,0,12,12,0.00,0.00,0.00,0.00,1.00,0.00,0.00,90,255,1.00,0.00,0.01,0.04,0.00,0.00,0.00,0.00
0,tcp,http,SF,284,631,0,0,0,0,0,1,0,0,0,0,0,0,0,0,0,0,3,15,0.00,0.00,0.00,0.00,1.00,0.00,0.13,96,255,1.00,0.00,0.01,0.01,0.01,0.01,0.00,0.00
0,tcp,http,SF,276,294,0,0,0,0,0,1,0,0,0,0,0,0,0,0,0,0,10,25,0.00,0.00,0.00,0.00,1.00,0.00,0.12,103,255,1.00,0.00,0.01,0.01,0.01,0.01,0.00,0.00
0,tcp,http,SF,220,12425,0,0,0,0,0,1,0,0,0,0,0,0,0,0,0,0,3,3,0.00,0.00,0.00,0.00,1.00,0.00,0.00,255,255,1.00,0.00,0.00,0.00,0.01,0.01,0.00,0.00
0,tcp,http,SF,217,6356,0,0,0,0,0,1,0,0,0,0,0,0,0,0,0,0,13,13,0.00,0.00,0.00,0.00,1.00,0.00,0.00,255,255,1.00,0.00,0.00,0.00,0.01,0.01,0.00,0.00
0,tcp,http,SF,177,5159,0,0,0,0,0,1,0,0,0,0,0,0,0,0,0,0,7,7,0.00,0.00,0.00,0.00,1.00,0.00,0.00,255,242,0.95,0.02,0.00,0.00,0.01,0.00,0.01,0.00
0,tcp,http,SF,144,4245,0,0,0,0,0,1,0,0,0,0,0,0,0,0,0,0,1,1,0.00,0.00,0.00,0.00,1.00,0.00,0.00,1,255,1.00,0.00,1.00,0.01,0.00,0.00,0.00,0.00
0,tcp,http,SF,242,10219,0,0,0,0,0,1,0,0,0,0,0,0,0,0,0,0,1,7,0.00,0.00,0.00,0.00,1.00,0.00,0.29,32,255,1.00,0.00,0.03,0.01,0.00,0.00,0.00,0.00
0,tcp,http,SF,245,387,0,0,0,0,0,1,0,0,0,0,0,0,0,0,0,0,9,9,0.00,0.00,0.00,0.00,1.00,0.00,0.00,10,255,1.00,0.00,0.10,0.01,0.00,0.00,0.00,0.00
0,tcp,ftp,SF,26,157,0,0,0,0,1,0,0,0,0,0,0,0,0,0,0,1,1,1,0.00,0.00,0.00,0.00,1.00,0.00,0.00,56,29,0.52,0.07,0.02,0.00,0.00,0.00,0.00,0.00
0,tcp,http,SF,236,398,0,0,0,0,0,1,0,0,0,0,0,0,0,0,0,0,4,4,0.00,0.00,0.00,0.00,1.00,0.00,0.00,239,255,1.00,0.00,0.00,0.01,0.00,0.00,0.00,0.00
0,tcp,http,SF,241,9284,0,0,0,0,0,1,0,0,0,0,0,0,0,0,0,0,13,13,0.00,0.00,0.00,0.00,1.00,0.00,0.00,248,255,1.00,0.00,0.00,0.01,0.00,0.00,0.00,0.00
0,icmp,ecr_i,SF,30,0,0,0,0,0,0,0,0,0,0,0,0,0,0,0,0,0,1,1,0.00,0.00,0.00,0.00,1.00,0.00,0.00,11,14,1.00,0.00,1.00,0.14,0.00,0.00,0.00,0.00
0,tcp,http,SF,233,2507,0,0,0,0,0,1,0,0,0,0,0,0,0,0,0,0,6,6,0.00,0.00,0.00,0.00,1.00,0.00,0.00,255,242,0.95,0.02,0.00,0.00,0.01,0.00,0.01,0.00
0,tcp,http,SF,231,407,0,0,0,0,0,1,0,0,0,0,0,0,0,0,0,0,8,8,0.00,0.00,0.00,0.00,1.00,0.00,0.00,8,180,1.00,0.00,0.12,0.04,0.00,0.01,0.00,0.00
0,tcp,http,SF,231,376,0,0,0,0,0,1,0,0,0,0,0,0,0,0,0,0,18,18,0.00,0.00,0.00,0.00,1.00,0.00,0.00,18,180,1.00,0.00,0.06,0.04,0.00,0.01,0.00,0.00
0,tcp,http,SF,227,7303,0,0,0,0,0,1,0,0,0,0,0,0,0,0,0,0,27,27,0.00,0.00,0.00,0.00,1.00,0.00,0.00,27,180,1.00,0.00,0.04,0.04,0.00,0.01,0.00,0.00
0,tcp,http,SF,228,7909,0,0,0,0,0,1,0,0,0,0,0,0,0,0,0,0,37,37,0.00,0.00,0.00,0.00,1.00,0.00,0.00,37,180,1.00,0.00,0.03,0.04,0.00,0.01,0.00,0.00
0,tcp,http,SF,174,12382,0,0,0,0,0,1,0,0,0,0,0,0,0,0,0,0,1,2,0.00,0.00,0.00,0.00,1.00,0.00,1.00,156,156,1.00,0.00,0.01,0.00,0.01,0.01,0.00,0.00
0,icmp,ecr_i,SF,1032,0,0,0,0,0,0,0,0,0,0,0,0,0,0,0,0,0,510,510,0.00,0.00,0.00,0.00,1.00,0.00,0.00,255,255,1.00,0.00,1.00,0.00,0.00,0.00,0.00,0.00
0,icmp,ecr_i,SF,1032,0,0,0,0,0,0,0,0,0,0,0,0,0,0,0,0,0,510,510,0.00,0.00,0.00,0.00,1.00,0.00,0.00,255,255,1.00,0.00,1.00,0.00,0.00,0.00,0.00,0.00
0,icmp,ecr_i,SF,1032,0,0,0,0,0,0,0,0,0,0,0,0,0,0,0,0,0,510,510,0.00,0.00,0.00,0.00,1.00,0.00,0.00,255,255,1.00,0.00,1.00,0.00,0.00,0.00,0.00,0.00
0,icmp,ecr_i,SF,1032,0,0,0,0,0,0,0,0,0,0,0,0,0,0,0,0,0,510,510,0.00,0.00,0.00,0.00,1.00,0.00,0.00,255,255,1.00,0.00,1.00,0.00,0.00,0.00,0.00,0.00
0,icmp,ecr_i,SF,1032,0,0,0,0,0,0,0,0,0,0,0,0,0,0,0,0,0,510,510,0.00,0.00,0.00,0.00,1.00,0.00,0.00,255,255,1.00,0.00,1.00,0.00,0.00,0.00,0.00,0.00
0,icmp,ecr_i,SF,1032,0,0,0,0,0,0,0,0,0,0,0,0,0,0,0,0,0,510,510,0.00,0.00,0.00,0.00,1.00,0.00,0.00,255,255,1.00,0.00,1.00,0.00,0.00,0.00,0.00,0.00
0,icmp,ecr_i,SF,1032,0,0,0,0,0,0,0,0,0,0,0,0,0,0,0,0,0,511,511,0.00,0.00,0.00,0.00,1.00,0.00,0.00,255,255,1.00,0.00,1.00,0.00,0.00,0.00,0.00,0.00
0,icmp,ecr_i,SF,1032,0,0,0,0,0,0,0,0,0,0,0,0,0,0,0,0,0,511,511,0.00,0.00,0.00,0.00,1.00,0.00,0.00,255,255,1.00,0.00,1.00,0.00,0.00,0.00,0.00,0.00
0,icmp,ecr_i,SF,1032,0,0,0,0,0,0,0,0,0,0,0,0,0,0,0,0,0,511,511,0.00,0.00,0.00,0.00,1.00,0.00,0.00,255,255,1.00,0.00,1.00,0.00,0.00,0.00,0.00,0.00
0,icmp,ecr_i,SF,1032,0,0,0,0,0,0,0,0,0,0,0,0,0,0,0,0,0,511,511,0.00,0.00,0.00,0.00,1.00,0.00,0.00,255,255,1.00,0.00,1.00,0.00,0.00,0.00,0.00,0.00
0,icmp,ecr_i,SF,1032,0,0,0,0,0,0,0,0,0,0,0,0,0,0,0,0,0,511,511,0.00,0.00,0.00,0.00,1.00,0.00,0.00,255,255,1.00,0.00,1.00,0.00,0.00,0.00,0.00,0.00
0,icmp,ecr_i,SF,1032,0,0,0,0,0,0,0,0,0,0,0,0,0,0,0,0,0,511,511,0.00,0.00,0.00,0.00,1.00,0.00,0.00,255,255,1.00,0.00,1.00,0.00,0.00,0.00,0.00,0.00
0,icmp,ecr_i,SF,1032,0,0,0,0,0,0,0,0,0,0,0,0,0,0,0,0,0,511,511,0.00,0.00,0.00,0.00,1.00,0.00,0.00,255,255,1.00,0.00,1.00,0.00,0.00,0.00,0.00,0.00
0,icmp,ecr_i,SF,1032,0,0,0,0,0,0,0,0,0,0,0,0,0,0,0,0,0,511,511,0.00,0.00,0.00,0.00,1.00,0.00,0.00,255,255,1.00,0.00,1.00,0.00,0.00,0.00,0.00,0.00
0,icmp,ecr_i,SF,1032,0,0,0,0,0,0,0,0,0,0,0,0,0,0,0,0,0,511,511,0.00,0.00,0.00,0.00,1.00,0.00,0.00,255,255,1.00,0.00,1.00,0.00,0.00,0.00,0.00,0.00
0,icmp,ecr_i,SF,1032,0,0,0,0,0,0,0,0,0,0,0,0,0,0,0,0,0,511,511,0.00,0.00,0.00,0.00,1.00,0.00,0.00,255,255,1.00,0.00,1.00,0.00,0.00,0.00,0.00,0.00
0,icmp,ecr_i,SF,1032,0,0,0,0,0,0,0,0,0,0,0,0,0,0,0,0,0,511,511,0.00,0.00,0.00,0.00,1.00,0.00,0.00,255,255,1.00,0.00,1.00,0.00,0.00,0.00,0.00,0.00
0,icmp,ecr_i,SF,1032,0,0,0,0,0,0,0,0,0,0,0,0,0,0,0,0,0,511,511,0.00,0.00,0.00,0.00,1.00,0.00,0.00,255,255,1.00,0.00,1.00,0.00,0.00,0.00,0.00,0.00
0,icmp,ecr_i,SF,1032,0,0,0,0,0,0,0,0,0,0,0,0,0,0,0,0,0,511,511,0.00,0.00,0.00,0.00,1.00,0.00,0.00,255,255,1.00,0.00,1.00,0.00,0.00,0.00,0.00,0.00
0,icmp,ecr_i,SF,1032,0,0,0,0,0,0,0,0,0,0,0,0,0,0,0,0,0,511,511,0.00,0.00,0.00,0.00,1.00,0.00,0.00,255,255,1.00,0.00,1.00,0.00,0.00,0.00,0.00,0.00
0,icmp,ecr_i,SF,1032,0,0,0,0,0,0,0,0,0,0,0,0,0,0,0,0,0,511,511,0.00,0.00,0.00,0.00,1.00,0.00,0.00,255,255,1.00,0.00,1.00,0.00,0.00,0.00,0.00,0.00
0,icmp,ecr_i,SF,1032,0,0,0,0,0,0,0,0,0,0,0,0,0,0,0,0,0,511,511,0.00,0.00,0.00,0.00,1.00,0.00,0.00,255,255,1.00,0.00,1.00,0.00,0.00,0.00,0.00,0.00
0,icmp,ecr_i,SF,1032,0,0,0,0,0,0,0,0,0,0,0,0,0,0,0,0,0,511,511,0.00,0.00,0.00,0.00,1.00,0.00,0.00,255,255,1.00,0.00,1.00,0.00,0.00,0.00,0.00,0.00
0,icmp,ecr_i,SF,1032,0,0,0,0,0,0,0,0,0,0,0,0,0,0,0,0,0,511,511,0.00,0.00,0.00,0.00,1.00,0.00,0.00,255,255,1.00,0.00,1.00,0.00,0.00,0.00,0.00,0.00
0,icmp,ecr_i,SF,1032,0,0,0,0,0,0,0,0,0,0,0,0,0,0,0,0,0,511,511,0.00,0.00,0.00,0.00,1.00,0.00,0.00,255,255,1.00,0.00,1.00,0.00,0.00,0.00,0.00,0.00
0,icmp,ecr_i,SF,1032,0,0,0,0,0,0,0,0,0,0,0,0,0,0,0,0,0,511,511,0.00,0.00,0.00,0.00,1.00,0.00,0.00,255,255,1.00,0.00,1.00,0.00,0.00,0.00,0.00,0.00
0,icmp,ecr_i,SF,1032,0,0,0,0,0,0,0,0,0,0,0,0,0,0,0,0,0,511,511,0.00,0.00,0.00,0.00,1.00,0.00,0.00,255,255,1.00,0.00,1.00,0.00,0.00,0.00,0.00,0.00
0,icmp,ecr_i,SF,1032,0,0,0,0,0,0,0,0,0,0,0,0,0,0,0,0,0,511,511,0.00,0.00,0.00,0.00,1.00,0.00,0.00,255,255,1.00,0.00,1.00,0.00,0.00,0.00,0.00,0.00
0,icmp,ecr_i,SF,1032,0,0,0,0,0,0,0,0,0,0,0,0,0,0,0,0,0,511,511,0.00,0.00,0.00,0.00,1.00,0.00,0.00,255,255,1.00,0.00,1.00,0.00,0.00,0.00,0.00,0.00
0,icmp,ecr_i,SF,1032,0,0,0,0,0,0,0,0,0,0,0,0,0,0,0,0,0,511,511,0.00,0.00,0.00,0.00,1.00,0.00,0.00,255,255,1.00,0.00,1.00,0.00,0.00,0.00,0.00,0.00
0,icmp,ecr_i,SF,1032,0,0,0,0,0,0,0,0,0,0,0,0,0,0,0,0,0,511,511,0.00,0.00,0.00,0.00,1.00,0.00,0.00,255,255,1.00,0.00,1.00,0.00,0.00,0.00,0.00,0.00
0,icmp,ecr_i,SF,1032,0,0,0,0,0,0,0,0,0,0,0,0,0,0,0,0,0,511,511,0.00,0.00,0.00,0.00,1.00,0.00,0.00,255,255,1.00,0.00,1.00,0.00,0.00,0.00,0.00,0.00
0,icmp,ecr_i,SF,1032,0,0,0,0,0,0,0,0,0,0,0,0,0,0,0,0,0,511,511,0.00,0.00,0.00,0.00,1.00,0.00,0.00,255,255,1.00,0.00,1.00,0.00,0.00,0.00,0.00,0.00
0,icmp,ecr_i,SF,1032,0,0,0,0,0,0,0,0,0,0,0,0,0,0,0,0,0,511,511,0.00,0.00,0.00,0.00,1.00,0.00,0.00,255,255,1.00,0.00,1.00,0.00,0.00,0.00,0.00,0.00
0,icmp,ecr_i,SF,1032,0,0,0,0,0,0,0,0,0,0,0,0,0,0,0,0,0,511,511,0.00,0.00,0.00,0.00,1.00,0.00,0.00,255,255,1.00,0.00,1.00,0.00,0.00,0.00,0.00,0.00
0,icmp,ecr_i,SF,1032,0,0,0,0,0,0,0,0,0,0,0,0,0,0,0,0,0,511,511,0.00,0.00,0.00,0.00,1.00,0.00,0.00,255,255,1.00,0.00,1.00,0.00,0.00,0.00,0.00,0.00
0,icmp,ecr_i,SF,1032,0,0,0,0,0,0,0,0,0,0,0,0,0,0,0,0,0,511,511,0.00,0.00,0.00,0.00,1.00,0.00,0.00,255,255,1.00,0.00,1.00,0.00,0.00,0.00,0.00,0.00
0,icmp,ecr_i,SF,1032,0,0,0,0,0,0,0,0,0,0,0,0,0,0,0,0,0,511,511,0.00,0.00,0.00,0.00,1.00,0.00,0.00,255,255,1.00,0.00,1.00,0.00,0.00,0.00,0.00,0.00
0,icmp,ecr_i,SF,1032,0,0,0,0,0,0,0,0,0,0,0,0,0,0,0,0,0,511,511,0.00,0.00,0.00,0.00,1.00,0.00,0.00,255,255,1.00,0.00,1.00,0.00,0.00,0.00,0.00,0.00
0,icmp,ecr_i,SF,1032,0,0,0,0,0,0,0,0,0,0,0,0,0,0,0,0,0,511,511,0.00,0.00,0.00,0.00,1.00,0.00,0.00,255,255,1.00,0.00,1.00,0.00,0.00,0.00,0.00,0.00
0,icmp,ecr_i,SF,1032,0,0,0,0,0,0,0,0,0,0,0,0,0,0,0,0,0,511,511,0.00,0.00,0.00,0.00,1.00,0.00,0.00,255,255,1.00,0.00,1.00,0.00,0.00,0.00,0.00,0.00
0,icmp,ecr_i,SF,1032,0,0,0,0,0,0,0,0,0,0,0,0,0,0,0,0,0,511,511,0.00,0.00,0.00,0.00,1.00,0.00,0.00,255,255,1.00,0.00,1.00,0.00,0.00,0.00,0.00,0.00
0,icmp,ecr_i,SF,1032,0,0,0,0,0,0,0,0,0,0,0,0,0,0,0,0,0,511,511,0.00,0.00,0.00,0.00,1.00,0.00,0.00,255,255,1.00,0.00,1.00,0.00,0.00,0.00,0.00,0.00
0,icmp,ecr_i,SF,1032,0,0,0,0,0,0,0,0,0,0,0,0,0,0,0,0,0,511,511,0.00,0.00,0.00,0.00,1.00,0.00,0.00,255,255,1.00,0.00,1.00,0.00,0.00,0.00,0.00,0.00
0,icmp,ecr_i,SF,1032,0,0,0,0,0,0,0,0,0,0,0,0,0,0,0,0,0,511,511,0.00,0.00,0.00,0.00,1.00,0.00,0.00,255,255,1.00,0.00,1.00,0.00,0.00,0.00,0.00,0.00
0,icmp,ecr_i,SF,1032,0,0,0,0,0,0,0,0,0,0,0,0,0,0,0,0,0,511,511,0.00,0.00,0.00,0.00,1.00,0.00,0.00,255,255,1.00,0.00,1.00,0.00,0.00,0.00,0.00,0.00
0,icmp,ecr_i,SF,1032,0,0,0,0,0,0,0,0,0,0,0,0,0,0,0,0,0,511,511,0.00,0.00,0.00,0.00,1.00,0.00,0.00,255,255,1.00,0.00,1.00,0.00,0.00,0.00,0.00,0.00
0,icmp,ecr_i,SF,1032,0,0,0,0,0,0,0,0,0,0,0,0,0,0,0,0,0,511,511,0.00,0.00,0.00,0.00,1.00,0.00,0.00,255,255,1.00,0.00,1.00,0.00,0.00,0.00,0.00,0.00
0,icmp,ecr_i,SF,1032,0,0,0,0,0,0,0,0,0,0,0,0,0,0,0,0,0,511,511,0.00,0.00,0.00,0.00,1.00,0.00,0.00,255,255,1.00,0.00,1.00,0.00,0.00,0.00,0.00,0.00
0,icmp,ecr_i,SF,1032,0,0,0,0,0,0,0,0,0,0,0,0,0,0,0,0,0,511,511,0.00,0.00,0.00,0.00,1.00,0.00,0.00,255,255,1.00,0.00,1.00,0.00,0.00,0.00,0.00,0.00
0,icmp,ecr_i,SF,1032,0,0,0,0,0,0,0,0,0,0,0,0,0,0,0,0,0,511,511,0.00,0.00,0.00,0.00,1.00,0.00,0.00,255,255,1.00,0.00,1.00,0.00,0.00,0.00,0.00,0.00
0,icmp,ecr_i,SF,1032,0,0,0,0,0,0,0,0,0,0,0,0,0,0,0,0,0,511,511,0.00,0.00,0.00,0.00,1.00,0.00,0.00,255,255,1.00,0.00,1.00,0.00,0.00,0.00,0.00,0.00
0,icmp,ecr_i,SF,1032,0,0,0,0,0,0,0,0,0,0,0,0,0,0,0,0,0,511,511,0.00,0.00,0.00,0.00,1.00,0.00,0.00,255,255,1.00,0.00,1.00,0.00,0.00,0.00,0.00,0.00
0,icmp,ecr_i,SF,1032,0,0,0,0,0,0,0,0,0,0,0,0,0,0,0,0,0,511,511,0.00,0.00,0.00,0.00,1.00,0.00,0.00,255,255,1.00,0.00,1.00,0.00,0.00,0.00,0.00,0.00
0,icmp,ecr_i,SF,1032,0,0,0,0,0,0,0,0,0,0,0,0,0,0,0,0,0,511,511,0.00,0.00,0.00,0.00,1.00,0.00,0.00,255,255,1.00,0.00,1.00,0.00,0.00,0.00,0.00,0.00
0,icmp,ecr_i,SF,1032,0,0,0,0,0,0,0,0,0,0,0,0,0,0,0,0,0,511,511,0.00,0.00,0.00,0.00,1.00,0.00,0.00,255,255,1.00,0.00,1.00,0.00,0.00,0.00,0.00,0.00
0,icmp,ecr_i,SF,1032,0,0,0,0,0,0,0,0,0,0,0,0,0,0,0,0,0,511,511,0.00,0.00,0.00,0.00,1.00,0.00,0.00,255,255,1.00,0.00,1.00,0.00,0.00,0.00,0.00,0.00
0,icmp,ecr_i,SF,1032,0,0,0,0,0,0,0,0,0,0,0,0,0,0,0,0,0,511,511,0.00,0.00,0.00,0.00,1.00,0.00,0.00,255,255,1.00,0.00,1.00,0.00,0.00,0.00,0.00,0.00
0,icmp,ecr_i,SF,1032,0,0,0,0,0,0,0,0,0,0,0,0,0,0,0,0,0,375,375,0.00,0.00,0.00,0.00,1.00,0.00,0.00,255,255,1.00,0.00,1.00,0.00,0.00,0.00,0.00,0.00
0,icmp,ecr_i,SF,1032,0,0,0,0,0,0,0,0,0,0,0,0,0,0,0,0,0,510,510,0.00,0.00,0.00,0.00,1.00,0.00,0.00,255,255,1.00,0.00,1.00,0.00,0.00,0.00,0.00,0.00
0,icmp,ecr_i,SF,1032,0,0,0,0,0,0,0,0,0,0,0,0,0,0,0,0,0,510,510,0.00,0.00,0.00,0.00,1.00,0.00,0.00,255,255,1.00,0.00,1.00,0.00,0.00,0.00,0.00,0.00
0,icmp,ecr_i,SF,1032,0,0,0,0,0,0,0,0,0,0,0,0,0,0,0,0,0,510,510,0.00,0.00,0.00,0.00,1.00,0.00,0.00,255,255,1.00,0.00,1.00,0.00,0.00,0.00,0.00,0.00
0,icmp,ecr_i,SF,1032,0,0,0,0,0,0,0,0,0,0,0,0,0,0,0,0,0,510,510,0.00,0.00,0.00,0.00,1.00,0.00,0.00,255,255,1.00,0.00,1.00,0.00,0.00,0.00,0.00,0.00
0,icmp,ecr_i,SF,1032,0,0,0,0,0,0,0,0,0,0,0,0,0,0,0,0,0,510,510,0.00,0.00,0.00,0.00,1.00,0.00,0.00,255,255,1.00,0.00,1.00,0.00,0.00,0.00,0.00,0.00
0,icmp,ecr_i,SF,1032,0,0,0,0,0,0,0,0,0,0,0,0,0,0,0,0,0,510,510,0.00,0.00,0.00,0.00,1.00,0.00,0.00,255,255,1.00,0.00,1.00,0.00,0.00,0.00,0.00,0.00
0,icmp,ecr_i,SF,1032,0,0,0,0,0,0,0,0,0,0,0,0,0,0,0,0,0,510,510,0.00,0.00,0.00,0.00,1.00,0.00,0.00,255,255,1.00,0.00,1.00,0.00,0.00,0.00,0.00,0.00
0,icmp,ecr_i,SF,1032,0,0,0,0,0,0,0,0,0,0,0,0,0,0,0,0,0,510,510,0.00,0.00,0.00,0.00,1.00,0.00,0.00,255,255,1.00,0.00,1.00,0.00,0.00,0.00,0.00,0.00
0,icmp,ecr_i,SF,1032,0,0,0,0,0,0,0,0,0,0,0,0,0,0,0,0,0,510,510,0.00,0.00,0.00,0.00,1.00,0.00,0.00,255,255,1.00,0.00,1.00,0.00,0.00,0.00,0.00,0.00
0,icmp,ecr_i,SF,1032,0,0,0,0,0,0,0,0,0,0,0,0,0,0,0,0,0,510,510,0.00,0.00,0.00,0.00,1.00,0.00,0.00,255,255,1.00,0.00,1.00,0.00,0.00,0.00,0.00,0.00
0,icmp,ecr_i,SF,1032,0,0,0,0,0,0,0,0,0,0,0,0,0,0,0,0,0,510,510,0.00,0.00,0.00,0.00,1.00,0.00,0.00,255,255,1.00,0.00,1.00,0.00,0.00,0.00,0.00,0.00
0,icmp,ecr_i,SF,1032,0,0,0,0,0,0,0,0,0,0,0,0,0,0,0,0,0,510,510,0.00,0.00,0.00,0.00,1.00,0.00,0.00,255,255,1.00,0.00,1.00,0.00,0.00,0.00,0.00,0.00
0,icmp,ecr_i,SF,1032,0,0,0,0,0,0,0,0,0,0,0,0,0,0,0,0,0,510,510,0.00,0.00,0.00,0.00,1.00,0.00,0.00,255,255,1.00,0.00,1.00,0.00,0.00,0.00,0.00,0.00
0,icmp,ecr_i,SF,1032,0,0,0,0,0,0,0,0,0,0,0,0,0,0,0,0,0,510,510,0.00,0.00,0.00,0.00,1.00,0.00,0.00,255,255,1.00,0.00,1.00,0.00,0.00,0.00,0.00,0.00
0,icmp,ecr_i,SF,1032,0,0,0,0,0,0,0,0,0,0,0,0,0,0,0,0,0,510,510,0.00,0.00,0.00,0.00,1.00,0.00,0.00,255,255,1.00,0.00,1.00,0.00,0.00,0.00,0.00,0.00
0,icmp,ecr_i,SF,1032,0,0,0,0,0,0,0,0,0,0,0,0,0,0,0,0,0,510,510,0.00,0.00,0.00,0.00,1.00,0.00,0.00,255,255,1.00,0.00,1.00,0.00,0.00,0.00,0.00,0.00
0,icmp,ecr_i,SF,1032,0,0,0,0,0,0,0,0,0,0,0,0,0,0,0,0,0,510,510,0.00,0.00,0.00,0.00,1.00,0.00,0.00,255,255,1.00,0.00,1.00,0.00,0.00,0.00,0.00,0.00
0,icmp,ecr_i,SF,1032,0,0,0,0,0,0,0,0,0,0,0,0,0,0,0,0,0,510,510,0.00,0.00,0.00,0.00,1.00,0.00,0.00,255,255,1.00,0.00,1.00,0.00,0.00,0.00,0.00,0.00
0,icmp,ecr_i,SF,1032,0,0,0,0,0,0,0,0,0,0,0,0,0,0,0,0,0,510,510,0.00,0.00,0.00,0.00,1.00,0.00,0.00,255,255,1.00,0.00,1.00,0.00,0.00,0.00,0.00,0.00
0,icmp,ecr_i,SF,1032,0,0,0,0,0,0,0,0,0,0,0,0,0,0,0,0,0,510,510,0.00,0.00,0.00,0.00,1.00,0.00,0.00,255,255,1.00,0.00,1.00,0.00,0.00,0.00,0.00,0.00
0,icmp,ecr_i,SF,1032,0,0,0,0,0,0,0,0,0,0,0,0,0,0,0,0,0,510,510,0.00,0.00,0.00,0.00,1.00,0.00,0.00,255,255,1.00,0.00,1.00,0.00,0.00,0.00,0.00,0.00
0,icmp,ecr_i,SF,1032,0,0,0,0,0,0,0,0,0,0,0,0,0,0,0,0,0,510,510,0.00,0.00,0.00,0.00,1.00,0.00,0.00,255,255,1.00,0.00,1.00,0.00,0.00,0.00,0.00,0.00
0,icmp,ecr_i,SF,1032,0,0,0,0,0,0,0,0,0,0,0,0,0,0,0,0,0,510,510,0.00,0.00,0.00,0.00,1.00,0.00,0.00,255,255,1.00,0.00,1.00,0.00,0.00,0.00,0.00,0.00
0,icmp,ecr_i,SF,1032,0,0,0,0,0,0,0,0,0,0,0,0,0,0,0,0,0,510,510,0.00,0.00,0.00,0.00,1.00,0.00,0.00,255,255,1.00,0.00,1.00,0.00,0.00,0.00,0.00,0.00
0,icmp,ecr_i,SF,1032,0,0,0,0,0,0,0,0,0,0,0,0,0,0,0,0,0,510,510,0.00,0.00,0.00,0.00,1.00,0.00,0.00,255,255,1.00,0.00,1.00,0.00,0.00,0.00,0.00,0.00
0,icmp,ecr_i,SF,1032,0,0,0,0,0,0,0,0,0,0,0,0,0,0,0,0,0,510,510,0.00,0.00,0.00,0.00,1.00,0.00,0.00,255,255,1.00,0.00,1.00,0.00,0.00,0.00,0.00,0.00
0,icmp,ecr_i,SF,1032,0,0,0,0,0,0,0,0,0,0,0,0,0,0,0,0,0,510,510,0.00,0.00,0.00,0.00,1.00,0.00,0.00,255,255,1.00,0.00,1.00,0.00,0.00,0.00,0.00,0.00
0,icmp,ecr_i,SF,1032,0,0,0,0,0,0,0,0,0,0,0,0,0,0,0,0,0,511,511,0.00,0.00,0.00,0.00,1.00,0.00,0.00,255,255,1.00,0.00,1.00,0.00,0.00,0.00,0.00,0.00
0,icmp,ecr_i,SF,1032,0,0,0,0,0,0,0,0,0,0,0,0,0,0,0,0,0,511,511,0.00,0.00,0.00,0.00,1.00,0.00,0.00,255,255,1.00,0.00,1.00,0.00,0.00,0.00,0.00,0.00
0,icmp,ecr_i,SF,1032,0,0,0,0,0,0,0,0,0,0,0,0,0,0,0,0,0,511,511,0.00,0.00,0.00,0.00,1.00,0.00,0.00,255,255,1.00,0.00,1.00,0.00,0.00,0.00,0.00,0.00
0,icmp,ecr_i,SF,1032,0,0,0,0,0,0,0,0,0,0,0,0,0,0,0,0,0,511,511,0.00,0.00,0.00,0.00,1.00,0.00,0.00,255,255,1.00,0.00,1.00,0.00,0.00,0.00,0.00,0.00
0,icmp,ecr_i,SF,1032,0,0,0,0,0,0,0,0,0,0,0,0,0,0,0,0,0,511,511,0.00,0.00,0.00,0.00,1.00,0.00,0.00,255,255,1.00,0.00,1.00,0.00,0.00,0.00,0.00,0.00
0,icmp,ecr_i,SF,1032,0,0,0,0,0,0,0,0,0,0,0,0,0,0,0,0,0,511,511,0.00,0.00,0.00,0.00,1.00,0.00,0.00,255,255,1.00,0.00,1.00,0.00,0.00,0.00,0.00,0.00
0,icmp,ecr_i,SF,1032,0,0,0,0,0,0,0,0,0,0,0,0,0,0,0,0,0,511,511,0.00,0.00,0.00,0.00,1.00,0.00,0.00,255,255,1.00,0.00,1.00,0.00,0.00,0.00,0.00,0.00
0,icmp,ecr_i,SF,1032,0,0,0,0,0,0,0,0,0,0,0,0,0,0,0,0,0,511,511,0.00,0.00,0.00,0.00,1.00,0.00,0.00,255,255,1.00,0.00,1.00,0.00,0.00,0.00,0.00,0.00
0,icmp,ecr_i,SF,1032,0,0,0,0,0,0,0,0,0,0,0,0,0,0,0,0,0,511,511,0.00,0.00,0.00,0.00,1.00,0.00,0.00,255,255,1.00,0.00,1.00,0.00,0.00,0.00,0.00,0.00
0,icmp,ecr_i,SF,1032,0,0,0,0,0,0,0,0,0,0,0,0,0,0,0,0,0,511,511,0.00,0.00,0.00,0.00,1.00,0.00,0.00,255,255,1.00,0.00,1.00,0.00,0.00,0.00,0.00,0.00
0,icmp,ecr_i,SF,1032,0,0,0,0,0,0,0,0,0,0,0,0,0,0,0,0,0,511,511,0.00,0.00,0.00,0.00,1.00,0.00,0.00,255,255,1.00,0.00,1.00,0.00,0.00,0.00,0.00,0.00
0,icmp,ecr_i,SF,1032,0,0,0,0,0,0,0,0,0,0,0,0,0,0,0,0,0,511,511,0.00,0.00,0.00,0.00,1.00,0.00,0.00,255,255,1.00,0.00,1.00,0.00,0.00,0.00,0.00,0.00
0,icmp,ecr_i,SF,1032,0,0,0,0,0,0,0,0,0,0,0,0,0,0,0,0,0,511,511,0.00,0.00,0.00,0.00,1.00,0.00,0.00,255,255,1.00,0.00,1.00,0.00,0.00,0.00,0.00,0.00
0,icmp,ecr_i,SF,1032,0,0,0,0,0,0,0,0,0,0,0,0,0,0,0,0,0,511,511,0.00,0.00,0.00,0.00,1.00,0.00,0.00,255,255,1.00,0.00,1.00,0.00,0.00,0.00,0.00,0.00
0,icmp,ecr_i,SF,1032,0,0,0,0,0,0,0,0,0,0,0,0,0,0,0,0,0,511,511,0.00,0.00,0.00,0.00,1.00,0.00,0.00,255,255,1.00,0.00,1.00,0.00,0.00,0.00,0.00,0.00
0,icmp,ecr_i,SF,1032,0,0,0,0,0,0,0,0,0,0,0,0,0,0,0,0,0,511,511,0.00,0.00,0.00,0.00,1.00,0.00,0.00,255,255,1.00,0.00,1.00,0.00,0.00,0.00,0.00,0.00
0,icmp,ecr_i,SF,1032,0,0,0,0,0,0,0,0,0,0,0,0,0,0,0,0,0,511,511,0.00,0.00,0.00,0.00,1.00,0.00,0.00,255,255,1.00,0.00,1.00,0.00,0.00,0.00,0.00,0.00
0,icmp,ecr_i,SF,1032,0,0,0,0,0,0,0,0,0,0,0,0,0,0,0,0,0,511,511,0.00,0.00,0.00,0.00,1.00,0.00,0.00,255,255,1.00,0.00,1.00,0.00,0.00,0.00,0.00,0.00
0,icmp,ecr_i,SF,1032,0,0,0,0,0,0,0,0,0,0,0,0,0,0,0,0,0,511,511,0.00,0.00,0.00,0.00,1.00,0.00,0.00,255,255,1.00,0.00,1.00,0.00,0.00,0.00,0.00,0.00
0,icmp,ecr_i,SF,1032,0,0,0,0,0,0,0,0,0,0,0,0,0,0,0,0,0,511,511,0.00,0.00,0.00,0.00,1.00,0.00,0.00,255,255,1.00,0.00,1.00,0.00,0.00,0.00,0.00,0.00
0,icmp,ecr_i,SF,1032,0,0,0,0,0,0,0,0,0,0,0,0,0,0,0,0,0,511,511,0.00,0.00,0.00,0.00,1.00,0.00,0.00,255,255,1.00,0.00,1.00,0.00,0.00,0.00,0.00,0.00
0,icmp,ecr_i,SF,1032,0,0,0,0,0,0,0,0,0,0,0,0,0,0,0,0,0,511,511,0.00,0.00,0.00,0.00,1.00,0.00,0.00,255,255,1.00,0.00,1.00,0.00,0.00,0.00,0.00,0.00
0,icmp,ecr_i,SF,1032,0,0,0,0,0,0,0,0,0,0,0,0,0,0,0,0,0,511,511,0.00,0.00,0.00,0.00,1.00,0.00,0.00,255,255,1.00,0.00,1.00,0.00,0.00,0.00,0.00,0.00
0,icmp,ecr_i,SF,1032,0,0,0,0,0,0,0,0,0,0,0,0,0,0,0,0,0,511,511,0.00,0.00,0.00,0.00,1.00,0.00,0.00,255,255,1.00,0.00,1.00,0.00,0.00,0.00,0.00,0.00
0,icmp,ecr_i,SF,1032,0,0,0,0,0,0,0,0,0,0,0,0,0,0,0,0,0,511,511,0.00,0.00,0.00,0.00,1.00,0.00,0.00,255,255,1.00,0.00,1.00,0.00,0.00,0.00,0.00,0.00
0,icmp,ecr_i,SF,1032,0,0,0,0,0,0,0,0,0,0,0,0,0,0,0,0,0,511,511,0.00,0.00,0.00,0.00,1.00,0.00,0.00,255,255,1.00,0.00,1.00,0.00,0.00,0.00,0.00,0.00
0,icmp,ecr_i,SF,1032,0,0,0,0,0,0,0,0,0,0,0,0,0,0,0,0,0,511,511,0.00,0.00,0.00,0.00,1.00,0.00,0.00,255,255,1.00,0.00,1.00,0.00,0.00,0.00,0.00,0.00
0,icmp,ecr_i,SF,1032,0,0,0,0,0,0,0,0,0,0,0,0,0,0,0,0,0,511,511,0.00,0.00,0.00,0.00,1.00,0.00,0.00,255,255,1.00,0.00,1.00,0.00,0.00,0.00,0.00,0.00
0,icmp,ecr_i,SF,1032,0,0,0,0,0,0,0,0,0,0,0,0,0,0,0,0,0,511,511,0.00,0.00,0.00,0.00,1.00,0.00,0.00,255,255,1.00,0.00,1.00,0.00,0.00,0.00,0.00,0.00
0,icmp,ecr_i,SF,1032,0,0,0,0,0,0,0,0,0,0,0,0,0,0,0,0,0,511,511,0.00,0.00,0.00,0.00,1.00,0.00,0.00,255,255,1.00,0.00,1.00,0.00,0.00,0.00,0.00,0.00
0,icmp,ecr_i,SF,1032,0,0,0,0,0,0,0,0,0,0,0,0,0,0,0,0,0,511,511,0.00,0.00,0.00,0.00,1.00,0.00,0.00,255,255,1.00,0.00,1.00,0.00,0.00,0.00,0.00,0.00
0,icmp,ecr_i,SF,1032,0,0,0,0,0,0,0,0,0,0,0,0,0,0,0,0,0,511,511,0.00,0.00,0.00,0.00,1.00,0.00,0.00,255,255,1.00,0.00,1.00,0.00,0.00,0.00,0.00,0.00
0,icmp,ecr_i,SF,1032,0,0,0,0,0,0,0,0,0,0,0,0,0,0,0,0,0,511,511,0.00,0.00,0.00,0.00,1.00,0.00,0.00,255,255,1.00,0.00,1.00,0.00,0.00,0.00,0.00,0.00
0,icmp,ecr_i,SF,1032,0,0,0,0,0,0,0,0,0,0,0,0,0,0,0,0,0,511,511,0.00,0.00,0.00,0.00,1.00,0.00,0.00,255,255,1.00,0.00,1.00,0.00,0.00,0.00,0.00,0.00
0,icmp,ecr_i,SF,1032,0,0,0,0,0,0,0,0,0,0,0,0,0,0,0,0,0,511,511,0.00,0.00,0.00,0.00,1.00,0.00,0.00,255,255,1.00,0.00,1.00,0.00,0.00,0.00,0.00,0.00
0,icmp,ecr_i,SF,1032,0,0,0,0,0,0,0,0,0,0,0,0,0,0,0,0,0,511,511,0.00,0.00,0.00,0.00,1.00,0.00,0.00,255,255,1.00,0.00,1.00,0.00,0.00,0.00,0.00,0.00
0,icmp,ecr_i,SF,1032,0,0,0,0,0,0,0,0,0,0,0,0,0,0,0,0,0,511,511,0.00,0.00,0.00,0.00,1.00,0.00,0.00,255,255,1.00,0.00,1.00,0.00,0.00,0.00,0.00,0.00
0,icmp,ecr_i,SF,1032,0,0,0,0,0,0,0,0,0,0,0,0,0,0,0,0,0,511,511,0.00,0.00,0.00,0.00,1.00,0.00,0.00,255,255,1.00,0.00,1.00,0.00,0.00,0.00,0.00,0.00
0,icmp,ecr_i,SF,1032,0,0,0,0,0,0,0,0,0,0,0,0,0,0,0,0,0,511,511,0.00,0.00,0.00,0.00,1.00,0.00,0.00,255,255,1.00,0.00,1.00,0.00,0.00,0.00,0.00,0.00
0,icmp,ecr_i,SF,1032,0,0,0,0,0,0,0,0,0,0,0,0,0,0,0,0,0,511,511,0.00,0.00,0.00,0.00,1.00,0.00,0.00,255,255,1.00,0.00,1.00,0.00,0.00,0.00,0.00,0.00
0,icmp,ecr_i,SF,1032,0,0,0,0,0,0,0,0,0,0,0,0,0,0,0,0,0,511,511,0.00,0.00,0.00,0.00,1.00,0.00,0.00,255,255,1.00,0.00,1.00,0.00,0.00,0.00,0.00,0.00
0,icmp,ecr_i,SF,1032,0,0,0,0,0,0,0,0,0,0,0,0,0,0,0,0,0,511,511,0.00,0.00,0.00,0.00,1.00,0.00,0.00,255,255,1.00,0.00,1.00,0.00,0.00,0.00,0.00,0.00
0,icmp,ecr_i,SF,1032,0,0,0,0,0,0,0,0,0,0,0,0,0,0,0,0,0,511,511,0.00,0.00,0.00,0.00,1.00,0.00,0.00,255,255,1.00,0.00,1.00,0.00,0.00,0.00,0.00,0.00
0,icmp,ecr_i,SF,1032,0,0,0,0,0,0,0,0,0,0,0,0,0,0,0,0,0,511,511,0.00,0.00,0.00,0.00,1.00,0.00,0.00,255,255,1.00,0.00,1.00,0.00,0.00,0.00,0.00,0.00
0,icmp,ecr_i,SF,1032,0,0,0,0,0,0,0,0,0,0,0,0,0,0,0,0,0,511,511,0.00,0.00,0.00,0.00,1.00,0.00,0.00,255,255,1.00,0.00,1.00,0.00,0.00,0.00,0.00,0.00
0,icmp,ecr_i,SF,1032,0,0,0,0,0,0,0,0,0,0,0,0,0,0,0,0,0,511,511,0.00,0.00,0.00,0.00,1.00,0.00,0.00,255,255,1.00,0.00,1.00,0.00,0.00,0.00,0.00,0.00
0,icmp,ecr_i,SF,1032,0,0,0,0,0,0,0,0,0,0,0,0,0,0,0,0,0,511,511,0.00,0.00,0.00,0.00,1.00,0.00,0.00,255,255,1.00,0.00,1.00,0.00,0.00,0.00,0.00,0.00
0,icmp,ecr_i,SF,1032,0,0,0,0,0,0,0,0,0,0,0,0,0,0,0,0,0,511,511,0.00,0.00,0.00,0.00,1.00,0.00,0.00,255,255,1.00,0.00,1.00,0.00,0.00,0.00,0.00,0.00
0,icmp,ecr_i,SF,1032,0,0,0,0,0,0,0,0,0,0,0,0,0,0,0,0,0,511,511,0.00,0.00,0.00,0.00,1.00,0.00,0.00,255,255,1.00,0.00,1.00,0.00,0.00,0.00,0.00,0.00
0,icmp,ecr_i,SF,1032,0,0,0,0,0,0,0,0,0,0,0,0,0,0,0,0,0,511,511,0.00,0.00,0.00,0.00,1.00,0.00,0.00,255,255,1.00,0.00,1.00,0.00,0.00,0.00,0.00,0.00
0,icmp,ecr_i,SF,1032,0,0,0,0,0,0,0,0,0,0,0,0,0,0,0,0,0,511,511,0.00,0.00,0.00,0.00,1.00,0.00,0.00,255,255,1.00,0.00,1.00,0.00,0.00,0.00,0.00,0.00
0,icmp,ecr_i,SF,1032,0,0,0,0,0,0,0,0,0,0,0,0,0,0,0,0,0,511,511,0.00,0.00,0.00,0.00,1.00,0.00,0.00,255,255,1.00,0.00,1.00,0.00,0.00,0.00,0.00,0.00
0,icmp,ecr_i,SF,1032,0,0,0,0,0,0,0,0,0,0,0,0,0,0,0,0,0,511,511,0.00,0.00,0.00,0.00,1.00,0.00,0.00,255,255,1.00,0.00,1.00,0.00,0.00,0.00,0.00,0.00
0,icmp,ecr_i,SF,1032,0,0,0,0,0,0,0,0,0,0,0,0,0,0,0,0,0,511,511,0.00,0.00,0.00,0.00,1.00,0.00,0.00,255,255,1.00,0.00,1.00,0.00,0.00,0.00,0.00,0.00
0,icmp,ecr_i,SF,1032,0,0,0,0,0,0,0,0,0,0,0,0,0,0,0,0,0,511,511,0.00,0.00,0.00,0.00,1.00,0.00,0.00,255,255,1.00,0.00,1.00,0.00,0.00,0.00,0.00,0.00
0,icmp,ecr_i,SF,1032,0,0,0,0,0,0,0,0,0,0,0,0,0,0,0,0,0,511,511,0.00,0.00,0.00,0.00,1.00,0.00,0.00,255,255,1.00,0.00,1.00,0.00,0.00,0.00,0.00,0.00
0,icmp,ecr_i,SF,1032,0,0,0,0,0,0,0,0,0,0,0,0,0,0,0,0,0,511,511,0.00,0.00,0.00,0.00,1.00,0.00,0.00,255,255,1.00,0.00,1.00,0.00,0.00,0.00,0.00,0.00
0,icmp,ecr_i,SF,1032,0,0,0,0,0,0,0,0,0,0,0,0,0,0,0,0,0,511,511,0.00,0.00,0.00,0.00,1.00,0.00,0.00,255,255,1.00,0.00,1.00,0.00,0.00,0.00,0.00,0.00
0,icmp,ecr_i,SF,1032,0,0,0,0,0,0,0,0,0,0,0,0,0,0,0,0,0,511,511,0.00,0.00,0.00,0.00,1.00,0.00,0.00,255,255,1.00,0.00,1.00,0.00,0.00,0.00,0.00,0.00
0,icmp,ecr_i,SF,1032,0,0,0,0,0,0,0,0,0,0,0,0,0,0,0,0,0,511,511,0.00,0.00,0.00,0.00,1.00,0.00,0.00,255,255,1.00,0.00,1.00,0.00,0.00,0.00,0.00,0.00
0,icmp,ecr_i,SF,1032,0,0,0,0,0,0,0,0,0,0,0,0,0,0,0,0,0,511,511,0.00,0.00,0.00,0.00,1.00,0.00,0.00,255,255,1.00,0.00,1.00,0.00,0.00,0.00,0.00,0.00
0,icmp,ecr_i,SF,1032,0,0,0,0,0,0,0,0,0,0,0,0,0,0,0,0,0,511,511,0.00,0.00,0.00,0.00,1.00,0.00,0.00,255,255,1.00,0.00,1.00,0.00,0.00,0.00,0.00,0.00
0,icmp,ecr_i,SF,1032,0,0,0,0,0,0,0,0,0,0,0,0,0,0,0,0,0,511,511,0.00,0.00,0.00,0.00,1.00,0.00,0.00,255,255,1.00,0.00,1.00,0.00,0.00,0.00,0.00,0.00
0,icmp,ecr_i,SF,1032,0,0,0,0,0,0,0,0,0,0,0,0,0,0,0,0,0,511,511,0.00,0.00,0.00,0.00,1.00,0.00,0.00,255,255,1.00,0.00,1.00,0.00,0.00,0.00,0.00,0.00
0,icmp,ecr_i,SF,1032,0,0,0,0,0,0,0,0,0,0,0,0,0,0,0,0,0,511,511,0.00,0.00,0.00,0.00,1.00,0.00,0.00,255,255,1.00,0.00,1.00,0.00,0.00,0.00,0.00,0.00
0,icmp,ecr_i,SF,1032,0,0,0,0,0,0,0,0,0,0,0,0,0,0,0,0,0,511,511,0.00,0.00,0.00,0.00,1.00,0.00,0.00,255,255,1.00,0.00,1.00,0.00,0.00,0.00,0.00,0.00
0,icmp,ecr_i,SF,1032,0,0,0,0,0,0,0,0,0,0,0,0,0,0,0,0,0,511,511,0.00,0.00,0.00,0.00,1.00,0.00,0.00,255,255,1.00,0.00,1.00,0.00,0.00,0.00,0.00,0.00
0,icmp,ecr_i,SF,1032,0,0,0,0,0,0,0,0,0,0,0,0,0,0,0,0,0,511,511,0.00,0.00,0.00,0.00,1.00,0.00,0.00,255,255,1.00,0.00,1.00,0.00,0.00,0.00,0.00,0.00
0,icmp,ecr_i,SF,1032,0,0,0,0,0,0,0,0,0,0,0,0,0,0,0,0,0,511,511,0.00,0.00,0.00,0.00,1.00,0.00,0.00,255,255,1.00,0.00,1.00,0.00,0.00,0.00,0.00,0.00
0,icmp,ecr_i,SF,1032,0,0,0,0,0,0,0,0,0,0,0,0,0,0,0,0,0,511,511,0.00,0.00,0.00,0.00,1.00,0.00,0.00,255,255,1.00,0.00,1.00,0.00,0.00,0.00,0.00,0.00
0,icmp,ecr_i,SF,1032,0,0,0,0,0,0,0,0,0,0,0,0,0,0,0,0,0,511,511,0.00,0.00,0.00,0.00,1.00,0.00,0.00,255,255,1.00,0.00,1.00,0.00,0.00,0.00,0.00,0.00
0,icmp,ecr_i,SF,1032,0,0,0,0,0,0,0,0,0,0,0,0,0,0,0,0,0,511,511,0.00,0.00,0.00,0.00,1.00,0.00,0.00,255,255,1.00,0.00,1.00,0.00,0.00,0.00,0.00,0.00
0,icmp,ecr_i,SF,1032,0,0,0,0,0,0,0,0,0,0,0,0,0,0,0,0,0,511,511,0.00,0.00,0.00,0.00,1.00,0.00,0.00,255,255,1.00,0.00,1.00,0.00,0.00,0.00,0.00,0.00
0,icmp,ecr_i,SF,1032,0,0,0,0,0,0,0,0,0,0,0,0,0,0,0,0,0,511,511,0.00,0.00,0.00,0.00,1.00,0.00,0.00,255,255,1.00,0.00,1.00,0.00,0.00,0.00,0.00,0.00
0,icmp,ecr_i,SF,1032,0,0,0,0,0,0,0,0,0,0,0,0,0,0,0,0,0,511,511,0.00,0.00,0.00,0.00,1.00,0.00,0.00,255,255,1.00,0.00,1.00,0.00,0.00,0.00,0.00,0.00
0,icmp,ecr_i,SF,1032,0,0,0,0,0,0,0,0,0,0,0,0,0,0,0,0,0,511,511,0.00,0.00,0.00,0.00,1.00,0.00,0.00,255,255,1.00,0.00,1.00,0.00,0.00,0.00,0.00,0.00
0,icmp,ecr_i,SF,1032,0,0,0,0,0,0,0,0,0,0,0,0,0,0,0,0,0,511,511,0.00,0.00,0.00,0.00,1.00,0.00,0.00,255,255,1.00,0.00,1.00,0.00,0.00,0.00,0.00,0.00
0,icmp,ecr_i,SF,1032,0,0,0,0,0,0,0,0,0,0,0,0,0,0,0,0,0,511,511,0.00,0.00,0.00,0.00,1.00,0.00,0.00,255,255,1.00,0.00,1.00,0.00,0.00,0.00,0.00,0.00
0,icmp,ecr_i,SF,1032,0,0,0,0,0,0,0,0,0,0,0,0,0,0,0,0,0,511,511,0.00,0.00,0.00,0.00,1.00,0.00,0.00,255,255,1.00,0.00,1.00,0.00,0.00,0.00,0.00,0.00
0,icmp,ecr_i,SF,1032,0,0,0,0,0,0,0,0,0,0,0,0,0,0,0,0,0,511,511,0.00,0.00,0.00,0.00,1.00,0.00,0.00,255,255,1.00,0.00,1.00,0.00,0.00,0.00,0.00,0.00
0,icmp,ecr_i,SF,1032,0,0,0,0,0,0,0,0,0,0,0,0,0,0,0,0,0,511,511,0.00,0.00,0.00,0.00,1.00,0.00,0.00,255,255,1.00,0.00,1.00,0.00,0.00,0.00,0.00,0.00
0,icmp,ecr_i,SF,1032,0,0,0,0,0,0,0,0,0,0,0,0,0,0,0,0,0,511,511,0.00,0.00,0.00,0.00,1.00,0.00,0.00,255,255,1.00,0.00,1.00,0.00,0.00,0.00,0.00,0.00
0,icmp,ecr_i,SF,1032,0,0,0,0,0,0,0,0,0,0,0,0,0,0,0,0,0,511,511,0.00,0.00,0.00,0.00,1.00,0.00,0.00,255,255,1.00,0.00,1.00,0.00,0.00,0.00,0.00,0.00
0,icmp,ecr_i,SF,1032,0,0,0,0,0,0,0,0,0,0,0,0,0,0,0,0,0,511,511,0.00,0.00,0.00,0.00,1.00,0.00,0.00,255,255,1.00,0.00,1.00,0.00,0.00,0.00,0.00,0.00
0,icmp,ecr_i,SF,1032,0,0,0,0,0,0,0,0,0,0,0,0,0,0,0,0,0,511,511,0.00,0.00,0.00,0.00,1.00,0.00,0.00,255,255,1.00,0.00,1.00,0.00,0.00,0.00,0.00,0.00
0,icmp,ecr_i,SF,1032,0,0,0,0,0,0,0,0,0,0,0,0,0,0,0,0,0,511,511,0.00,0.00,0.00,0.00,1.00,0.00,0.00,255,255,1.00,0.00,1.00,0.00,0.00,0.00,0.00,0.00
0,icmp,ecr_i,SF,1032,0,0,0,0,0,0,0,0,0,0,0,0,0,0,0,0,0,511,511,0.00,0.00,0.00,0.00,1.00,0.00,0.00,255,255,1.00,0.00,1.00,0.00,0.00,0.00,0.00,0.00
0,icmp,ecr_i,SF,1032,0,0,0,0,0,0,0,0,0,0,0,0,0,0,0,0,0,511,511,0.00,0.00,0.00,0.00,1.00,0.00,0.00,255,255,1.00,0.00,1.00,0.00,0.00,0.00,0.00,0.00
0,icmp,ecr_i,SF,1032,0,0,0,0,0,0,0,0,0,0,0,0,0,0,0,0,0,511,511,0.00,0.00,0.00,0.00,1.00,0.00,0.00,255,255,1.00,0.00,1.00,0.00,0.00,0.00,0.00,0.00
0,icmp,ecr_i,SF,1032,0,0,0,0,0,0,0,0,0,0,0,0,0,0,0,0,0,511,511,0.00,0.00,0.00,0.00,1.00,0.00,0.00,255,255,1.00,0.00,1.00,0.00,0.00,0.00,0.00,0.00
0,icmp,ecr_i,SF,1032,0,0,0,0,0,0,0,0,0,0,0,0,0,0,0,0,0,511,511,0.00,0.00,0.00,0.00,1.00,0.00,0.00,255,255,1.00,0.00,1.00,0.00,0.00,0.00,0.00,0.00
0,icmp,ecr_i,SF,1032,0,0,0,0,0,0,0,0,0,0,0,0,0,0,0,0,0,511,511,0.00,0.00,0.00,0.00,1.00,0.00,0.00,255,255,1.00,0.00,1.00,0.00,0.00,0.00,0.00,0.00
0,icmp,ecr_i,SF,1032,0,0,0,0,0,0,0,0,0,0,0,0,0,0,0,0,0,511,511,0.00,0.00,0.00,0.00,1.00,0.00,0.00,255,255,1.00,0.00,1.00,0.00,0.00,0.00,0.00,0.00
0,icmp,ecr_i,SF,1032,0,0,0,0,0,0,0,0,0,0,0,0,0,0,0,0,0,511,511,0.00,0.00,0.00,0.00,1.00,0.00,0.00,255,255,1.00,0.00,1.00,0.00,0.00,0.00,0.00,0.00
0,icmp,ecr_i,SF,1032,0,0,0,0,0,0,0,0,0,0,0,0,0,0,0,0,0,511,511,0.00,0.00,0.00,0.00,1.00,0.00,0.00,255,255,1.00,0.00,1.00,0.00,0.00,0.00,0.00,0.00
0,icmp,ecr_i,SF,1032,0,0,0,0,0,0,0,0,0,0,0,0,0,0,0,0,0,511,511,0.00,0.00,0.00,0.00,1.00,0.00,0.00,255,255,1.00,0.00,1.00,0.00,0.00,0.00,0.00,0.00
0,icmp,ecr_i,SF,1032,0,0,0,0,0,0,0,0,0,0,0,0,0,0,0,0,0,511,511,0.00,0.00,0.00,0.00,1.00,0.00,0.00,255,255,1.00,0.00,1.00,0.00,0.00,0.00,0.00,0.00
0,icmp,ecr_i,SF,1032,0,0,0,0,0,0,0,0,0,0,0,0,0,0,0,0,0,511,511,0.00,0.00,0.00,0.00,1.00,0.00,0.00,255,255,1.00,0.00,1.00,0.00,0.00,0.00,0.00,0.00
0,icmp,ecr_i,SF,1032,0,0,0,0,0,0,0,0,0,0,0,0,0,0,0,0,0,511,511,0.00,0.00,0.00,0.00,1.00,0.00,0.00,255,255,1.00,0.00,1.00,0.00,0.00,0.00,0.00,0.00
0,icmp,ecr_i,SF,1032,0,0,0,0,0,0,0,0,0,0,0,0,0,0,0,0,0,511,511,0.00,0.00,0.00,0.00,1.00,0.00,0.00,255,255,1.00,0.00,1.00,0.00,0.00,0.00,0.00,0.00
0,icmp,ecr_i,SF,1032,0,0,0,0,0,0,0,0,0,0,0,0,0,0,0,0,0,511,511,0.00,0.00,0.00,0.00,1.00,0.00,0.00,255,255,1.00,0.00,1.00,0.00,0.00,0.00,0.00,0.00
0,icmp,ecr_i,SF,1032,0,0,0,0,0,0,0,0,0,0,0,0,0,0,0,0,0,511,511,0.00,0.00,0.00,0.00,1.00,0.00,0.00,255,255,1.00,0.00,1.00,0.00,0.00,0.00,0.00,0.00
0,icmp,ecr_i,SF,1032,0,0,0,0,0,0,0,0,0,0,0,0,0,0,0,0,0,511,511,0.00,0.00,0.00,0.00,1.00,0.00,0.00,255,255,1.00,0.00,1.00,0.00,0.00,0.00,0.00,0.00
0,icmp,ecr_i,SF,1032,0,0,0,0,0,0,0,0,0,0,0,0,0,0,0,0,0,511,511,0.00,0.00,0.00,0.00,1.00,0.00,0.00,255,255,1.00,0.00,1.00,0.00,0.00,0.00,0.00,0.00
0,icmp,ecr_i,SF,1032,0,0,0,0,0,0,0,0,0,0,0,0,0,0,0,0,0,511,511,0.00,0.00,0.00,0.00,1.00,0.00,0.00,255,255,1.00,0.00,1.00,0.00,0.00,0.00,0.00,0.00
0,icmp,ecr_i,SF,1032,0,0,0,0,0,0,0,0,0,0,0,0,0,0,0,0,0,511,511,0.00,0.00,0.00,0.00,1.00,0.00,0.00,255,255,1.00,0.00,1.00,0.00,0.00,0.00,0.00,0.00
0,icmp,ecr_i,SF,1032,0,0,0,0,0,0,0,0,0,0,0,0,0,0,0,0,0,511,511,0.00,0.00,0.00,0.00,1.00,0.00,0.00,255,255,1.00,0.00,1.00,0.00,0.00,0.00,0.00,0.00
0,icmp,ecr_i,SF,1032,0,0,0,0,0,0,0,0,0,0,0,0,0,0,0,0,0,511,511,0.00,0.00,0.00,0.00,1.00,0.00,0.00,255,255,1.00,0.00,1.00,0.00,0.00,0.00,0.00,0.00
0,icmp,ecr_i,SF,1032,0,0,0,0,0,0,0,0,0,0,0,0,0,0,0,0,0,511,511,0.00,0.00,0.00,0.00,1.00,0.00,0.00,255,255,1.00,0.00,1.00,0.00,0.00,0.00,0.00,0.00
0,icmp,ecr_i,SF,1032,0,0,0,0,0,0,0,0,0,0,0,0,0,0,0,0,0,511,511,0.00,0.00,0.00,0.00,1.00,0.00,0.00,255,255,1.00,0.00,1.00,0.00,0.00,0.00,0.00,0.00
0,icmp,ecr_i,SF,1032,0,0,0,0,0,0,0,0,0,0,0,0,0,0,0,0,0,511,511,0.00,0.00,0.00,0.00,1.00,0.00,0.00,255,255,1.00,0.00,1.00,0.00,0.00,0.00,0.00,0.00
0,icmp,ecr_i,SF,1032,0,0,0,0,0,0,0,0,0,0,0,0,0,0,0,0,0,511,511,0.00,0.00,0.00,0.00,1.00,0.00,0.00,255,255,1.00,0.00,1.00,0.00,0.00,0.00,0.00,0.00
0,icmp,ecr_i,SF,1032,0,0,0,0,0,0,0,0,0,0,0,0,0,0,0,0,0,511,511,0.00,0.00,0.00,0.00,1.00,0.00,0.00,255,255,1.00,0.00,1.00,0.00,0.00,0.00,0.00,0.00
0,icmp,ecr_i,SF,1032,0,0,0,0,0,0,0,0,0,0,0,0,0,0,0,0,0,511,511,0.00,0.00,0.00,0.00,1.00,0.00,0.00,255,255,1.00,0.00,1.00,0.00,0.00,0.00,0.00,0.00